"Extracted from the UNHCR Population Statistics Reference Database","United Nations High Commissioner for Refugees"
"Date extracted: 2018-11-16 15:38:47 +01:00"

Year,"Country / territory of asylum/residence",Origin,"RSD procedure type / level","Tota pending start-year","of which UNHCR-assisted","Applied during year",statistics.filter.decisions_recognized,statistics.filter.decisions_other,Rejected,"Otherwise closed","Total decisions","Total pending end-year","of which UNHCR-assisted"
2000,"United States of America",Afghanistan,"G / IN",193,0,218,182,0,51,40,273,150,0
2000,"United States of America",Afghanistan,"G / EO",196,0,225,151,0,31,68,250,171,0
2000,"United Kingdom",Afghanistan,"G / FI",0,0,5555,375,695,460,1055,2585,0,0
2000,"United Kingdom",Afghanistan,"G / BL",0,0,0,0,10,0,0,10,0,0
2000,France,Afghanistan,"G / FI",0,0,244,156,0,48,0,204,0,0
2000,Germany,Afghanistan,"G / RA",31,0,5756,0,31,17,55,103,5723,0
2000,Germany,Afghanistan,"G / NA",1198,0,5380,31,721,2450,142,3344,3506,0
2000,Canada,Afghanistan,"G / FI",311,0,488,436,0,31,23,490,308,0
2000,"United States of America",Myanmar,"G / EO",134,0,191,81,0,37,64,182,143,0
2000,"United States of America",Myanmar,"G / IN",204,0,617,307,0,136,49,492,342,0
2000,France,Myanmar,"G / FI",0,0,26,5,0,18,0,23,0,0
2000,Germany,Myanmar,"G / RA",0,0,3,0,0,0,0,,3,0
2000,Germany,Myanmar,"G / NA",20,0,136,43,0,46,1,90,66,0
2000,Canada,Myanmar,"G / FI",15,0,11,13,0,2,0,15,11,0
2000,"United States of America",Sudan,"G / EO",137,0,230,65,0,49,88,202,165,0
2000,"United States of America",Sudan,"G / IN",225,0,560,429,0,131,36,596,209,0
2000,"United Kingdom",Sudan,"G / FI",0,0,415,110,70,270,130,580,0,0
2000,"United Kingdom",Sudan,"G / BL",0,0,0,0,300,0,20,320,0,0
2000,France,Sudan,"G / FI",0,0,92,16,0,33,0,49,0,0
2000,Germany,Sudan,"G / RA",15,0,53,5,1,7,37,50,18,0
2000,Germany,Sudan,"G / NA",74,0,156,5,4,139,8,156,70,0
2000,Canada,Sudan,"G / FI",238,0,376,227,0,39,16,282,332,0
2000,"United States of America",Somalia,"G / EO",711,0,1768,410,0,548,700,1658,821,0
2000,"United States of America",Somalia,"G / IN",1366,0,2364,1689,0,850,261,2800,981,0
2000,"United Kingdom",Somalia,"G / FI",0,0,5020,5310,3575,695,1675,11255,0,0
2000,"United Kingdom",Somalia,"G / BL",0,0,0,0,55,0,15,70,0,0
2000,France,Somalia,"G / FI",0,0,109,52,0,28,0,80,0,0
2000,Germany,Somalia,"G / RA",1,0,15,0,0,0,15,15,0,0
2000,Germany,Somalia,"G / NA",143,0,398,0,143,270,12,425,117,0
2000,Canada,Somalia,"G / FI",381,0,753,454,0,31,96,581,555,0
2000,"United States of America","Syrian Arab Rep.","G / EO",117,0,91,18,0,18,63,99,109,0
2000,"United States of America","Syrian Arab Rep.","G / IN",80,0,32,26,0,21,20,67,59,0
2000,France,"Syrian Arab Rep.","G / FI",0,0,18,9,0,7,0,16,0,0
2000,Germany,"Syrian Arab Rep.","G / RA",110,0,428,18,2,28,424,472,98,0
2000,Germany,"Syrian Arab Rep.","G / NA",593,0,2641,258,9,2056,63,2386,948,0
2000,Canada,"Syrian Arab Rep.","G / FI",120,0,80,62,0,35,5,102,98,0
2000,"United States of America",Yemen,"G / IN",81,0,63,35,0,29,28,92,74,0
2000,"United States of America",Yemen,"G / EO",159,0,71,13,0,35,46,94,136,0
2000,Germany,Yemen,"G / RA",0,0,1,0,0,0,1,1,0,0
2000,Germany,Yemen,"G / NA",88,0,104,4,5,149,2,160,35,0
2000,Canada,Yemen,"G / FI",55,0,90,33,0,14,3,50,95,0
2001,"United States of America",Afghanistan,"G / EO",186,0,225,129,0,27,91,247,164,0
2001,"United States of America",Afghanistan,"G / IN",152,0,274,212,0,43,19,274,166,0
2001,"United Kingdom",Afghanistan,"G / FI",0,0,9000,2260,7370,1070,1460,12160,0,0
2001,France,Afghanistan,"G / RA",0,0,0,10,0,0,0,10,0,0
2001,France,Afghanistan,"G / FI",0,0,270,184,0,95,0,279,0,0
2001,Germany,Afghanistan,"G / NA",3506,0,5837,2656,1519,972,168,5315,5020,0
2001,Germany,Afghanistan,"G / RA",5723,0,5584,4576,670,34,1006,6286,5037,0
2001,Canada,Afghanistan,"G / FI",308,0,463,305,0,8,43,356,406,0
2001,"United States of America",Myanmar,"G / EO",149,0,285,120,0,25,93,238,196,0
2001,"United States of America",Myanmar,"G / IN",344,0,1390,1238,0,189,66,1493,269,0
2001,France,Myanmar,"G / FI",0,0,24,3,0,30,0,33,0,0
2001,France,Myanmar,"G / RA",0,0,0,5,0,0,0,5,0,0
2001,Germany,Myanmar,"G / RA",3,0,2,0,0,0,1,1,4,0
2001,Germany,Myanmar,"G / NA",66,0,114,126,7,12,0,145,35,0
2001,Canada,Myanmar,"G / FI",11,0,23,9,0,3,1,13,21,0
2001,"United States of America",Sudan,"G / EO",168,0,300,77,0,71,85,233,235,0
2001,"United States of America",Sudan,"G / IN",215,0,613,410,0,160,30,600,253,0
2001,"United Kingdom",Sudan,"G / FI",0,0,390,120,50,520,75,765,0,0
2001,France,Sudan,"G / RA",0,0,0,7,0,0,0,7,0,0
2001,France,Sudan,"G / FI",0,0,98,57,0,83,0,140,0,0
2001,Germany,Sudan,"G / NA",70,0,199,5,4,111,9,129,125,0
2001,Germany,Sudan,"G / RA",18,0,31,0,0,2,36,38,11,0
2001,Canada,Sudan,"G / FI",332,0,402,241,0,52,31,324,410,0
2001,"United States of America",Somalia,"G / IN",976,0,1805,1010,0,443,239,1692,1137,0
2001,"United States of America",Somalia,"G / EO",830,0,1032,349,0,377,469,1195,667,0
2001,"United Kingdom",Somalia,"G / FI",0,0,6465,2845,1960,2145,1350,8300,0,0
2001,France,Somalia,"G / RA",0,0,0,9,0,0,0,9,0,0
2001,France,Somalia,"G / FI",0,0,120,48,0,60,0,108,0,0
2001,Germany,Somalia,"G / NA",117,0,262,1,100,192,16,309,80,0
2001,Germany,Somalia,"G / RA",0,0,22,4,7,0,6,17,5,0
2001,Canada,Somalia,"G / FI",555,0,799,516,0,42,61,619,747,0
2001,"United States of America","Syrian Arab Rep.","G / EO",111,0,88,17,0,28,40,85,114,0
2001,"United States of America","Syrian Arab Rep.","G / IN",58,0,48,17,0,19,11,47,68,0
2001,France,"Syrian Arab Rep.","G / RA",0,0,0,10,0,0,0,10,0,0
2001,France,"Syrian Arab Rep.","G / FI",0,0,90,53,0,28,0,81,0,0
2001,Germany,"Syrian Arab Rep.","G / NA",948,0,2232,258,5,1900,98,2261,1012,0
2001,Germany,"Syrian Arab Rep.","G / RA",98,0,421,14,12,20,335,381,140,0
2001,Canada,"Syrian Arab Rep.","G / FI",98,0,124,39,0,36,13,88,134,0
2001,"United States of America",Yemen,"G / IN",76,0,75,29,0,34,16,79,83,0
2001,"United States of America",Yemen,"G / EO",137,0,71,19,0,35,26,80,128,0
2001,Germany,Yemen,"G / RA",0,0,5,0,0,0,3,3,2,0
2001,Germany,Yemen,"G / NA",35,0,103,9,0,57,3,69,69,0
2001,Canada,Yemen,"G / FI",95,0,80,34,0,20,6,60,111,0
2002,Canada,Afghanistan,"G / FI",406,0,204,217,0,45,36,298,305,0
2002,Germany,Afghanistan,"G / NA",5020,0,2772,21,43,6,341,411,7476,0
2002,Germany,Afghanistan,"G / RA",5037,0,231,3,223,1,526,753,4598,0
2002,France,Afghanistan,"G / FI",0,0,260,89,0,175,0,264,0,0
2002,France,Afghanistan,"G / RA",0,0,3,4,0,0,0,4,0,0
2002,"United Kingdom",Afghanistan,"G / FI",0,0,7205,115,4765,2360,935,8175,0,0
2002,"United Kingdom",Afghanistan,"G / AR",0,0,0,230,0,1235,580,2045,0,0
2002,"United States of America",Afghanistan,"G / EO",172,0,239,74,0,57,85,216,195,0
2002,"United States of America",Afghanistan,"G / IN",167,0,141,123,0,72,23,218,100,0
2002,Canada,Myanmar,"G / FI",21,0,49,10,0,2,5,17,53,0
2002,Germany,Myanmar,"G / NA",35,0,57,25,0,16,5,46,49,0
2002,Germany,Myanmar,"G / RA",4,0,3,0,0,0,4,4,3,0
2002,France,Myanmar,"G / RA",0,0,5,7,0,0,0,7,0,0
2002,France,Myanmar,"G / FI",0,0,8,1,0,20,0,21,0,0
2002,"United States of America",Myanmar,"G / IN",266,0,548,310,0,218,91,619,223,0
2002,"United States of America",Myanmar,"G / EO",202,0,291,126,0,39,68,233,260,0
2002,Canada,Sudan,"G / FI",410,0,189,244,0,57,29,330,266,0
2002,Germany,Sudan,"G / RA",11,0,24,3,0,0,25,28,8,0
2002,Germany,Sudan,"G / NA",125,0,247,16,1,174,8,199,152,0
2002,France,Sudan,"G / FI",0,0,136,13,0,55,0,68,0,0
2002,France,Sudan,"G / RA",0,0,3,10,0,0,0,10,0,0
2002,"United Kingdom",Sudan,"G / FI",0,0,655,70,40,405,50,565,0,0
2002,"United Kingdom",Sudan,"G / AR",0,0,0,225,0,240,20,485,0,0
2002,"United States of America",Sudan,"G / IN",260,0,472,360,0,208,23,591,160,0
2002,"United States of America",Sudan,"G / EO",244,0,359,86,0,95,118,299,304,0
2002,Canada,Somalia,"G / FI",747,0,388,549,0,29,79,657,475,0
2002,Germany,Somalia,"G / RA",5,0,9,0,1,0,10,11,3,0
2002,Germany,Somalia,"G / NA",80,0,203,0,69,96,10,175,106,0
2002,France,Somalia,"G / RA",0,0,0,2,0,0,0,2,0,0
2002,France,Somalia,"G / FI",0,0,115,38,0,55,0,93,0,0
2002,"United Kingdom",Somalia,"G / FI",0,0,6540,2515,1405,2260,560,6740,0,0
2002,"United Kingdom",Somalia,"G / AR",0,0,0,1065,0,1570,380,3015,0,0
2002,"United States of America",Somalia,"G / EO",677,0,786,236,0,248,472,956,507,0
2002,"United States of America",Somalia,"G / IN",1122,0,538,369,0,369,199,937,776,0
2002,Canada,"Syrian Arab Rep.","G / FI",134,0,113,51,0,35,19,105,142,0
2002,Germany,"Syrian Arab Rep.","G / NA",1012,0,1829,157,7,1514,101,1779,1137,0
2002,Germany,"Syrian Arab Rep.","G / RA",140,0,345,22,3,17,300,342,142,0
2002,France,"Syrian Arab Rep.","G / RA",0,0,0,3,0,0,0,3,0,0
2002,France,"Syrian Arab Rep.","G / FI",0,0,30,20,0,23,0,43,0,0
2002,"United States of America","Syrian Arab Rep.","G / EO",121,0,116,10,0,27,61,98,139,0
2002,"United States of America","Syrian Arab Rep.","G / IN",61,0,47,20,0,29,9,58,51,0
2002,Canada,Yemen,"G / FI",111,0,78,16,0,24,11,51,137,0
2002,Germany,Yemen,"G / RA",2,0,15,0,0,0,15,15,2,0
2002,Germany,Yemen,"G / NA",69,0,38,0,2,82,5,89,28,0
2002,"United States of America",Yemen,"G / EO",130,0,84,9,0,45,34,88,126,0
2002,"United States of America",Yemen,"G / IN",81,0,38,22,0,31,16,69,58,0
2003,"United States of America",Afghanistan,"G / EO",195,0,138,70,0,51,61,182,151,0
2003,"United States of America",Afghanistan,"G / IN",101,0,52,18,0,29,42,89,69,0
2003,Canada,Afghanistan,"G / FI",305,0,151,202,0,22,29,253,175,0
2003,Germany,Afghanistan,"G / RA",4598,0,199,30,153,482,3432,4097,824,0
2003,Germany,Afghanistan,"G / NA",7476,0,1473,46,237,6686,386,7355,1705,0
2003,France,Afghanistan,"G / FI",0,0,353,66,0,284,0,350,0,0
2003,France,Afghanistan,"G / RA",0,0,2,23,0,0,0,23,0,0
2003,"United Kingdom",Afghanistan,"G / FI",0,0,2591,84,601,3266,661,4612,0,0
2003,"United Kingdom",Afghanistan,"G / AR",0,0,0,695,0,4415,440,5550,0,0
2003,"United States of America",Myanmar,"G / IN",230,0,368,184,0,166,84,434,181,0
2003,"United States of America",Myanmar,"G / EO",260,0,296,118,0,70,95,283,273,0
2003,Canada,Myanmar,"G / FI",53,0,15,24,0,9,1,34,34,0
2003,Germany,Myanmar,"G / NA",49,0,93,18,2,61,2,83,59,0
2003,Germany,Myanmar,"G / RA",3,0,10,0,0,0,6,6,7,0
2003,France,Myanmar,"G / FI",0,0,18,11,0,11,0,22,0,0
2003,France,Myanmar,"G / RA",0,0,7,5,0,0,0,5,0,0
2003,"United Kingdom",Myanmar,"G / FI",0,0,142,34,8,106,15,163,0,0
2003,"United States of America",Sudan,"G / IN",173,0,150,94,0,91,25,210,118,0
2003,"United States of America",Sudan,"G / EO",304,0,202,96,0,114,69,279,227,0
2003,Canada,Sudan,"G / FI",266,0,128,203,0,31,37,271,120,0
2003,Germany,Sudan,"G / RA",8,0,36,5,1,0,30,36,11,0
2003,Germany,Sudan,"G / NA",152,0,307,5,1,301,23,330,108,0
2003,France,Sudan,"G / RA",0,0,1,19,0,0,0,19,0,0
2003,France,Sudan,"G / FI",0,0,406,44,0,192,0,236,0,0
2003,"United Kingdom",Sudan,"G / AR",0,0,0,310,0,470,40,820,0,0
2003,"United Kingdom",Sudan,"G / FI",0,0,1051,139,24,604,138,905,0,0
2003,"United States of America",Somalia,"G / EO",507,0,428,149,0,164,277,590,345,0
2003,"United States of America",Somalia,"G / IN",790,0,168,106,0,128,117,351,655,0
2003,Canada,Somalia,"G / FI",475,0,348,445,0,59,84,588,220,0
2003,Germany,Somalia,"G / NA",106,0,257,1,105,128,8,242,115,0
2003,Germany,Somalia,"G / RA",3,0,13,0,0,0,7,7,10,0
2003,France,Somalia,"G / RA",0,0,0,3,0,0,0,3,0,0
2003,France,Somalia,"G / FI",0,0,137,30,0,124,0,154,0,0
2003,"United Kingdom",Somalia,"G / FI",0,0,7194,2469,633,4843,749,8694,0,0
2003,"United Kingdom",Somalia,"G / AR",0,0,0,2015,0,2960,390,5365,0,0
2003,"United States of America","Syrian Arab Rep.","G / EO",139,0,149,25,0,29,57,111,177,0
2003,"United States of America","Syrian Arab Rep.","G / IN",50,0,43,8,0,35,16,59,34,0
2003,Canada,"Syrian Arab Rep.","G / FI",142,0,139,48,0,62,8,118,162,0
2003,Germany,"Syrian Arab Rep.","G / RA",142,0,242,20,1,14,274,309,104,0
2003,Germany,"Syrian Arab Rep.","G / NA",1137,0,1192,117,10,1584,87,1798,599,0
2003,France,"Syrian Arab Rep.","G / RA",0,0,4,7,0,0,0,7,0,0
2003,France,"Syrian Arab Rep.","G / FI",0,0,55,6,0,35,0,41,0,0
2003,"United Kingdom","Syrian Arab Rep.","G / FI",0,0,156,15,0,142,18,175,0,0
2003,"United States of America",Yemen,"G / EO",126,0,108,26,0,41,42,109,125,0
2003,"United States of America",Yemen,"G / IN",63,0,23,6,0,24,17,47,43,0
2003,Canada,Yemen,"G / FI",137,0,34,44,0,43,2,89,79,0
2003,Germany,Yemen,"G / NA",28,0,46,10,1,45,3,59,18,0
2003,Germany,Yemen,"G / RA",2,0,23,0,1,0,20,21,4,0
2003,"United Kingdom",Yemen,"G / FI",0,0,154,12,18,138,30,198,0,0
2004,"United States of America",Afghanistan,"G / EO",154,0,48,58,0,35,75,168,101,0
2004,"United States of America",Afghanistan,"G / IN",74,0,24,26,0,21,11,58,44,0
2004,"United Kingdom",Afghanistan,"G / FI",0,0,1605,46,455,2116,387,3004,0,0
2004,"United Kingdom",Afghanistan,"G / AR",0,0,0,325,0,2595,150,3070,0,0
2004,France,Afghanistan,"G / RA",0,0,34,28,0,0,0,28,0,0
2004,France,Afghanistan,"G / FI",0,0,164,43,0,181,0,224,0,0
2004,Germany,Afghanistan,"G / RA",824,0,181,49,57,112,608,826,152,0
2004,Germany,Afghanistan,"G / NA",1705,0,918,46,232,1883,174,2335,353,0
2004,Canada,Afghanistan,"G / FI",175,0,152,100,0,34,26,160,153,0
2004,"United States of America",Myanmar,"G / IN",190,0,253,156,0,116,57,329,129,0
2004,"United States of America",Myanmar,"G / EO",283,0,113,138,0,70,73,281,263,0
2004,"United Kingdom",Myanmar,"G / FI",0,0,66,18,2,82,6,108,0,0
2004,France,Myanmar,"G / FI",0,0,28,6,0,30,0,36,0,0
2004,France,Myanmar,"G / RA",0,0,1,3,0,0,0,3,0,0
2004,Germany,Myanmar,"G / RA",7,0,4,0,0,0,10,10,1,0
2004,Germany,Myanmar,"G / NA",59,0,52,11,2,66,3,82,29,0
2004,Canada,Myanmar,"G / FI",34,0,31,22,0,1,3,26,37,0
2004,"United States of America",Sudan,"G / EO",230,0,48,67,0,58,56,181,185,0
2004,"United States of America",Sudan,"G / IN",126,0,71,64,0,57,10,131,69,0
2004,"United Kingdom",Sudan,"G / AR",0,0,0,445,0,645,45,1135,0,0
2004,"United Kingdom",Sudan,"G / FI",0,0,1445,130,49,1094,336,1609,0,0
2004,France,Sudan,"G / RA",0,0,14,20,0,0,0,20,0,0
2004,France,Sudan,"G / FI",0,0,286,116,0,311,0,427,0,0
2004,Germany,Sudan,"G / NA",108,0,438,4,4,265,31,304,234,0
2004,Germany,Sudan,"G / RA",11,0,33,2,1,1,21,25,19,0
2004,Canada,Sudan,"G / FI",120,0,67,81,0,30,5,116,71,0
2004,"United States of America",Somalia,"G / EO",348,0,47,89,0,61,221,371,321,0
2004,"United States of America",Somalia,"G / IN",659,0,165,119,0,126,106,351,491,0
2004,"United Kingdom",Somalia,"G / FI",0,0,3295,652,482,2710,483,4327,0,0
2004,"United Kingdom",Somalia,"G / AR",0,0,0,1835,0,2240,235,4310,0,0
2004,France,Somalia,"G / FI",0,0,175,26,0,125,0,151,0,0
2004,France,Somalia,"G / RA",0,0,5,6,0,0,0,6,0,0
2004,Germany,Somalia,"G / RA",10,0,12,0,0,2,13,15,5,0
2004,Germany,Somalia,"G / NA",115,0,240,0,53,119,74,246,111,0
2004,Canada,Somalia,"G / FI",220,0,408,282,0,18,56,356,265,0
2004,"United States of America","Syrian Arab Rep.","G / EO",177,0,66,10,0,50,48,108,175,0
2004,"United States of America","Syrian Arab Rep.","G / IN",35,0,33,13,0,23,3,39,32,0
2004,"United Kingdom","Syrian Arab Rep.","G / FI",0,0,412,19,16,273,50,358,0,0
2004,France,"Syrian Arab Rep.","G / FI",0,0,52,12,0,40,0,52,0,0
2004,France,"Syrian Arab Rep.","G / RA",0,0,8,4,0,0,0,4,0,0
2004,Germany,"Syrian Arab Rep.","G / RA",104,0,425,9,4,22,367,402,116,0
2004,Germany,"Syrian Arab Rep.","G / NA",599,0,768,79,8,830,137,1054,359,0
2004,Canada,"Syrian Arab Rep.","G / FI",162,0,88,89,0,62,5,156,95,0
2004,"United States of America",Yemen,"G / EO",130,0,55,10,0,43,43,96,118,0
2004,"United States of America",Yemen,"G / IN",46,0,6,4,0,7,8,19,35,0
2004,"United Kingdom",Yemen,"G / FI",0,0,117,5,22,143,12,182,0,0
2004,Germany,Yemen,"G / RA",4,0,17,0,0,7,10,17,4,0
2004,Germany,Yemen,"G / NA",18,0,33,1,0,36,3,40,13,0
2004,Canada,Yemen,"G / FI",79,0,34,35,0,29,1,65,47,0
2005,France,Afghanistan,"G / RA",0,0,29,53,0,0,0,53,0,0
2005,France,Afghanistan,"G / FI",0,0,135,23,0,108,0,131,0,0
2005,"United Kingdom",Afghanistan,"G / AR",0,0,0,205,0,1555,85,1845,0,0
2005,"United Kingdom",Afghanistan,"G / FI",0,0,1773,44,499,916,272,1731,0,0
2005,"United States of America",Afghanistan,"G / IN",48,0,18,9,0,9,10,28,39,0
2005,"United States of America",Afghanistan,"G / EO",104,0,27,33,0,30,39,102,61,0
2005,Germany,Afghanistan,"G / NA",353,0,711,29,71,680,66,846,188,0
2005,Germany,Afghanistan,"G / RA",152,0,483,43,22,10,317,392,196,0
2005,Germany,Afghanistan,"G / JR",7433,0,0,0,0,0,0,,4697,0
2005,Canada,Afghanistan,"G / FI",147,0,264,138,0,27,22,187,224,0
2005,France,Myanmar,"G / RA",0,0,6,10,0,0,0,10,0,0
2005,France,Myanmar,"G / FI",0,0,12,3,0,17,0,20,0,0
2005,"United Kingdom",Myanmar,"G / FI",0,0,73,24,5,38,2,69,0,0
2005,"United States of America",Myanmar,"G / EO",272,0,100,165,0,47,67,279,229,0
2005,"United States of America",Myanmar,"G / IN",134,0,164,81,0,91,30,202,100,0
2005,Germany,Myanmar,"G / JR",180,0,0,0,0,0,0,,182,0
2005,Germany,Myanmar,"G / NA",29,0,40,11,0,18,1,30,38,0
2005,Germany,Myanmar,"G / RA",1,0,14,1,0,0,7,8,7,0
2005,Canada,Myanmar,"G / FI",38,0,32,38,0,2,1,41,29,0
2005,France,Sudan,"G / AR",0,0,235,0,0,0,0,,0,0
2005,France,Sudan,"G / RA",0,0,41,99,0,0,0,99,0,0
2005,France,Sudan,"G / FI",0,0,409,92,0,280,0,372,0,0
2005,"United Kingdom",Sudan,"G / AR",0,0,0,370,0,865,25,1260,0,0
2005,"United Kingdom",Sudan,"G / FI",0,0,991,86,29,746,222,1083,0,0
2005,"United States of America",Sudan,"G / IN",74,0,63,47,0,31,7,85,54,0
2005,"United States of America",Sudan,"G / EO",189,0,28,55,0,36,73,164,116,0
2005,Germany,Sudan,"G / NA",234,0,187,8,1,247,22,278,58,0
2005,Germany,Sudan,"G / JR",531,0,0,0,0,0,0,,310,0
2005,Germany,Sudan,"G / RA",19,0,17,0,1,0,33,34,5,0
2005,Canada,Sudan,"G / FI",72,0,44,48,0,13,7,68,48,0
2005,France,Somalia,"G / RA",0,0,12,38,0,0,0,38,0,0
2005,France,Somalia,"G / FI",0,0,91,21,0,102,0,123,0,0
2005,"United Kingdom",Somalia,"G / FI",0,0,2105,840,205,1050,186,2281,0,0
2005,"United Kingdom",Somalia,"G / AR",0,0,0,790,0,1045,165,2000,0,0
2005,"United States of America",Somalia,"G / IN",495,0,101,66,0,94,143,303,311,0
2005,"United States of America",Somalia,"G / EO",331,0,54,89,0,68,276,433,299,0
2005,Germany,Somalia,"G / JR",230,0,0,0,0,0,0,,198,0
2005,Germany,Somalia,"G / NA",111,0,163,6,47,97,33,183,79,0
2005,Germany,Somalia,"G / RA",5,0,23,3,0,0,18,21,7,0
2005,Canada,Somalia,"G / FI",265,0,285,319,0,10,52,381,169,0
2005,France,"Syrian Arab Rep.","G / RA",0,0,3,10,0,0,0,10,0,0
2005,France,"Syrian Arab Rep.","G / FI",0,0,33,7,0,33,0,40,0,0
2005,"United Kingdom","Syrian Arab Rep.","G / AR",0,0,0,120,0,255,15,390,0,0
2005,"United Kingdom","Syrian Arab Rep.","G / FI",0,0,388,15,29,324,64,432,0,0
2005,"United States of America","Syrian Arab Rep.","G / IN",31,0,22,6,0,17,6,29,28,0
2005,"United States of America","Syrian Arab Rep.","G / EO",181,0,37,11,0,43,52,106,145,0
2005,Germany,"Syrian Arab Rep.","G / RA",116,0,433,136,8,17,296,457,95,0
2005,Germany,"Syrian Arab Rep.","G / NA",359,0,933,77,2,751,121,951,344,0
2005,Germany,"Syrian Arab Rep.","G / JR",2919,0,0,0,0,0,0,,2449,0
2005,Canada,"Syrian Arab Rep.","G / FI",95,0,61,49,0,36,7,92,64,0
2005,France,Yemen,"G / FI",0,0,5,0,0,0,0,,0,0
2005,"United Kingdom",Yemen,"G / FI",0,0,72,6,11,57,9,83,0,0
2005,"United States of America",Yemen,"G / IN",36,0,13,1,0,14,13,28,23,0
2005,"United States of America",Yemen,"G / EO",122,0,25,10,0,41,22,73,108,0
2005,Germany,Yemen,"G / RA",4,0,36,14,1,4,18,37,4,0
2005,Germany,Yemen,"G / NA",13,0,62,12,0,40,4,56,21,0
2005,Germany,Yemen,"G / JR",93,0,0,0,0,0,0,,100,0
2005,Canada,Yemen,"G / FI",47,0,27,26,0,14,6,46,28,0
2006,Canada,Afghanistan,"G / FI",224,0,268,162,0,12,24,198,294,0
2006,Germany,Afghanistan,"G / JR",4697,0,0,0,0,0,0,,3587,0
2006,Germany,Afghanistan,"G / RA",196,0,993,38,94,4,840,976,215,0
2006,Germany,Afghanistan,"G / NA",188,0,531,43,69,379,45,536,197,0
2006,France,Afghanistan,"G / RA",0,0,24,25,2,0,0,27,0,0
2006,France,Afghanistan,"G / FI",0,0,82,20,1,84,0,105,0,0
2006,"United Kingdom",Afghanistan,"G / FI",0,0,2659,62,775,1179,371,2387,0,0
2006,"United Kingdom",Afghanistan,"G / AR",0,0,0,135,0,1055,60,1250,0,0
2006,"United States of America",Afghanistan,"G / IN",45,0,40,22,0,11,7,40,45,0
2006,"United States of America",Afghanistan,"G / EO",73,0,26,24,0,9,26,59,61,0
2006,Canada,Myanmar,"G / FI",29,0,23,26,0,3,0,29,23,0
2006,Germany,Myanmar,"G / RA",7,0,7,6,5,0,1,12,2,0
2006,Germany,Myanmar,"G / JR",182,0,0,0,0,0,0,,89,0
2006,Germany,Myanmar,"G / NA",38,0,128,130,1,2,0,133,32,0
2006,France,Myanmar,"G / FI",0,0,27,4,0,25,0,29,0,0
2006,France,Myanmar,"G / RA",0,0,9,7,0,0,0,7,0,0
2006,"United Kingdom",Myanmar,"G / FI",0,0,88,29,6,43,1,79,0,0
2006,"United States of America",Myanmar,"G / EO",243,0,122,153,0,40,65,258,184,0
2006,"United States of America",Myanmar,"G / IN",107,0,169,94,0,62,42,198,84,0
2006,Canada,Sudan,"G / FI",48,0,48,32,0,3,10,45,51,0
2006,Germany,Sudan,"G / RA",5,0,22,1,0,2,19,22,5,0
2006,Germany,Sudan,"G / NA",58,0,88,5,0,50,5,60,52,0
2006,Germany,Sudan,"G / JR",310,0,0,0,0,0,0,,159,0
2006,France,Sudan,"G / FI",0,0,452,114,0,220,0,334,0,0
2006,France,Sudan,"G / RA",0,0,40,78,2,0,0,80,0,0
2006,"United Kingdom",Sudan,"G / FI",0,0,752,35,40,430,142,647,0,0
2006,"United Kingdom",Sudan,"G / AR",0,0,0,130,0,385,20,535,0,0
2006,"United States of America",Sudan,"G / IN",59,0,94,36,0,39,11,86,67,0
2006,"United States of America",Sudan,"G / EO",124,0,39,44,0,27,53,124,91,0
2006,Canada,Somalia,"G / FI",169,0,206,95,0,20,22,137,238,0
2006,Germany,Somalia,"G / RA",7,0,19,3,0,1,9,13,12,0
2006,Germany,Somalia,"G / NA",79,0,146,21,14,83,28,146,79,0
2006,Germany,Somalia,"G / JR",198,0,0,0,0,0,0,,178,0
2006,France,Somalia,"G / FI",0,0,52,15,0,26,0,41,0,0
2006,France,Somalia,"G / RA",0,0,5,25,0,0,0,25,0,0
2006,"United Kingdom",Somalia,"G / AR",0,0,0,460,0,470,55,985,0,0
2006,"United Kingdom",Somalia,"G / FI",0,0,2173,775,165,861,225,2026,0,0
2006,"United States of America",Somalia,"G / IN",319,0,120,45,0,74,70,189,256,0
2006,"United States of America",Somalia,"G / EO",288,0,90,111,0,60,174,345,254,0
2006,Canada,"Syrian Arab Rep.","G / FI",64,0,40,42,0,12,9,63,41,0
2006,Germany,"Syrian Arab Rep.","G / RA",95,0,221,38,6,14,181,239,78,0
2006,Germany,"Syrian Arab Rep.","G / JR",2449,0,0,0,0,0,0,,1838,0
2006,Germany,"Syrian Arab Rep.","G / NA",344,0,609,69,3,568,110,750,201,0
2006,France,"Syrian Arab Rep.","G / RA",0,0,3,5,0,0,0,5,0,0
2006,France,"Syrian Arab Rep.","G / FI",0,0,21,4,0,22,0,26,0,0
2006,"United Kingdom","Syrian Arab Rep.","G / FI",0,0,183,25,16,131,30,202,0,0
2006,"United Kingdom","Syrian Arab Rep.","G / AR",0,0,0,35,0,120,5,160,0,0
2006,"United States of America","Syrian Arab Rep.","G / IN",29,0,24,9,0,14,13,36,20,0
2006,"United States of America","Syrian Arab Rep.","G / EO",150,0,47,19,0,31,36,86,142,0
2006,Canada,Yemen,"G / FI",28,0,12,11,0,15,0,26,14,0
2006,Germany,Yemen,"G / RA",4,0,32,2,0,0,31,33,3,0
2006,Germany,Yemen,"G / NA",21,0,43,1,0,52,11,64,9,0
2006,Germany,Yemen,"G / JR",100,0,0,0,0,0,0,,74,0
2006,"United Kingdom",Yemen,"G / FI",0,0,73,3,6,55,3,67,0,0
2006,"United States of America",Yemen,"G / IN",24,0,25,6,0,12,6,24,27,0
2006,"United States of America",Yemen,"G / EO",115,0,38,10,0,28,52,90,69,0
2007,Canada,Afghanistan,"G / FA",289,0,308,121,0,29,26,176,405,0
2007,Germany,Afghanistan,"G / JR",3175,0,0,0,0,0,0,,1938,0
2007,Germany,Afghanistan,"G / RA",215,0,236,38,58,8,239,343,117,0
2007,Germany,Afghanistan,"G / NA",197,0,338,34,69,222,52,377,168,0
2007,France,Afghanistan,"G / RA",0,0,17,23,2,0,0,25,0,0
2007,France,Afghanistan,"G / FI",0,0,184,36,1,82,0,119,0,0
2007,"United Kingdom",Afghanistan,"G / FI",0,0,2838,137,810,1309,505,2761,0,0
2007,"United Kingdom",Afghanistan,"G / AR",0,0,0,205,0,1100,90,1395,0,0
2007,"United States of America",Afghanistan,"G / EO",30,0,22,10,0,5,19,34,21,0
2007,"United States of America",Afghanistan,"G / IN",50,0,69,51,0,16,6,73,52,0
2007,Canada,Myanmar,"G / FA",22,0,21,13,0,4,0,17,26,0
2007,Germany,Myanmar,"G / JR",55,0,0,0,0,0,0,,49,0
2007,Germany,Myanmar,"G / NA",32,0,130,97,1,34,1,133,29,0
2007,Germany,Myanmar,"G / RA",2,0,2,2,0,0,2,4,0,0
2007,France,Myanmar,"G / FI",0,0,20,4,0,22,0,26,0,0
2007,France,Myanmar,"G / RA",0,0,7,6,0,0,0,6,0,0
2007,"United Kingdom",Myanmar,"G / FI",0,0,226,111,22,62,5,200,0,0
2007,"United States of America",Myanmar,"G / EO",123,0,87,47,0,17,28,92,109,0
2007,"United States of America",Myanmar,"G / IN",89,0,200,112,0,72,29,213,81,0
2007,Canada,Sudan,"G / FA",46,0,50,33,0,0,3,36,60,0
2007,Germany,Sudan,"G / NA",52,0,63,13,0,35,10,58,30,0
2007,Germany,Sudan,"G / RA",5,0,11,0,0,2,10,12,5,0
2007,Germany,Sudan,"G / JR",102,0,0,0,0,0,0,,71,0
2007,France,Sudan,"G / AR",0,0,267,0,0,0,0,,0,0
2007,France,Sudan,"G / FI",0,0,404,160,0,322,0,482,0,0
2007,France,Sudan,"G / RA",0,0,13,54,3,0,0,57,0,0
2007,"United Kingdom",Sudan,"G / FI",0,0,410,89,17,304,69,479,0,0
2007,"United Kingdom",Sudan,"G / AR",0,0,0,125,0,210,25,360,0,0
2007,"United States of America",Sudan,"G / IN",74,0,118,73,0,48,7,128,67,0
2007,"United States of America",Sudan,"G / EO",66,0,30,10,0,5,24,39,83,0
2007,Canada,Somalia,"G / FA",241,0,231,121,0,9,20,150,331,0
2007,Germany,Somalia,"G / JR",87,0,0,0,0,0,0,,72,0
2007,Germany,Somalia,"G / NA",79,0,121,51,34,34,14,133,69,0
2007,Germany,Somalia,"G / RA",12,0,51,15,17,0,16,48,14,0
2007,France,Somalia,"G / FI",0,0,51,31,0,33,0,64,0,0
2007,France,Somalia,"G / RA",0,0,6,16,2,0,0,18,0,0
2007,"United Kingdom",Somalia,"G / FI",0,0,1978,990,109,734,163,1996,0,0
2007,"United Kingdom",Somalia,"G / AR",0,0,0,445,0,375,60,880,0,0
2007,"United States of America",Somalia,"G / IN",256,0,103,109,0,45,51,205,161,0
2007,"United States of America",Somalia,"G / EO",165,0,74,42,0,32,60,134,144,0
2007,Canada,"Syrian Arab Rep.","G / FA",43,0,67,5,0,7,10,22,88,0
2007,Germany,"Syrian Arab Rep.","G / JR",1559,0,0,0,0,0,0,,1035,0
2007,Germany,"Syrian Arab Rep.","G / NA",201,0,634,63,2,409,89,563,279,0
2007,Germany,"Syrian Arab Rep.","G / RA",78,0,201,35,13,12,126,186,100,0
2007,France,"Syrian Arab Rep.","G / FI",0,0,45,3,0,19,0,22,0,0
2007,France,"Syrian Arab Rep.","G / RA",0,0,3,6,3,0,0,9,0,0
2007,"United Kingdom","Syrian Arab Rep.","G / FI",0,0,185,31,12,113,32,188,0,0
2007,"United Kingdom","Syrian Arab Rep.","G / AR",0,0,0,35,0,85,5,125,0,0
2007,"United States of America","Syrian Arab Rep.","G / IN",20,0,29,10,0,21,1,32,18,0
2007,"United States of America","Syrian Arab Rep.","G / EO",64,0,23,10,0,8,14,32,60,0
2007,Canada,Yemen,"G / FA",14,0,14,4,0,0,1,5,23,0
2007,Germany,Yemen,"G / JR",62,0,0,0,0,0,0,,35,0
2007,Germany,Yemen,"G / NA",9,0,18,3,0,17,0,20,8,0
2007,Germany,Yemen,"G / RA",3,0,3,0,0,0,4,4,2,0
2007,"United Kingdom",Yemen,"G / FI",0,0,72,7,6,51,3,67,0,0
2007,"United States of America",Yemen,"G / IN",28,0,45,24,0,12,10,46,29,0
2007,"United States of America",Yemen,"G / EO",33,0,17,5,0,8,7,20,32,0
2008,Canada,Afghanistan,"G / FI",405,0,488,230,0,10,40,280,613,0
2008,Germany,Afghanistan,"G / NA",168,0,657,46,51,64,73,234,594,0
2008,Germany,Afghanistan,"G / JR",1938,0,0,0,0,0,0,,1002,0
2008,Germany,Afghanistan,"G / RA",117,0,174,36,45,3,80,164,133,0
2008,France,Afghanistan,"G / RA",0,0,18,0,0,0,0,,0,0
2008,France,Afghanistan,"G / FI",0,0,263,90,14,146,0,250,0,0
2008,"United Kingdom",Afghanistan,"G / AR",0,0,0,165,0,635,65,865,0,0
2008,"United Kingdom",Afghanistan,"G / FI",0,0,3724,154,892,843,985,2874,0,0
2008,"United States of America",Afghanistan,"G / EO",25,0,22,11,0,2,2,15,27,0
2008,"United States of America",Afghanistan,"G / IN",60,0,57,67,0,11,3,81,36,0
2008,Canada,Myanmar,"G / FI",26,0,12,7,0,1,0,8,30,0
2008,Germany,Myanmar,"G / NA",29,0,83,72,0,3,0,75,31,0
2008,Germany,Myanmar,"G / JR",49,0,0,0,0,0,0,,35,0
2008,Germany,Myanmar,"G / RA",0,0,2,0,0,0,0,,2,0
2008,France,Myanmar,"G / RA",0,0,7,0,0,0,0,,0,0
2008,France,Myanmar,"G / FI",0,0,20,20,0,22,0,42,0,0
2008,"United Kingdom",Myanmar,"G / FI",0,0,209,119,21,57,6,203,0,0
2008,"United States of America",Myanmar,"G / IN",85,0,221,142,0,76,22,240,72,0
2008,"United States of America",Myanmar,"G / EO",101,0,139,28,0,9,9,46,127,0
2008,Canada,Sudan,"G / FI",60,0,34,13,0,6,4,23,71,0
2008,Germany,Sudan,"G / JR",71,0,0,0,0,0,0,,38,0
2008,Germany,Sudan,"G / RA",5,0,14,1,0,1,4,6,11,0
2008,Germany,Sudan,"G / NA",30,0,87,2,1,14,6,23,82,0
2008,France,Sudan,"G / RA",0,0,14,0,0,0,0,,0,0
2008,France,Sudan,"G / FI",0,0,399,185,9,219,0,413,0,0
2008,"United Kingdom",Sudan,"G / FI",0,0,290,51,8,114,78,251,0,0
2008,"United Kingdom",Sudan,"G / AR",0,0,0,40,0,80,5,125,0,0
2008,"United States of America",Sudan,"G / IN",67,0,132,92,0,63,9,164,37,0
2008,"United States of America",Sudan,"G / EO",75,0,31,18,0,8,21,47,84,0
2008,Canada,Somalia,"G / FI",331,0,505,147,0,8,45,200,636,0
2008,Germany,Somalia,"G / JR",72,0,0,0,0,0,0,,44,0
2008,Germany,Somalia,"G / RA",14,0,20,18,5,0,3,26,11,0
2008,Germany,Somalia,"G / NA",69,0,165,68,28,13,16,125,110,0
2008,France,Somalia,"G / RA",0,0,5,0,0,0,0,,0,0
2008,France,Somalia,"G / FI",0,0,96,39,6,24,0,69,0,0
2008,"United Kingdom",Somalia,"G / FI",0,0,1574,634,73,542,137,1386,0,0
2008,"United Kingdom",Somalia,"G / AR",0,0,0,215,0,265,55,535,0,0
2008,"United States of America",Somalia,"G / IN",166,0,131,111,0,27,37,175,132,0
2008,"United States of America",Somalia,"G / EO",131,0,168,24,0,23,52,99,91,0
2008,Canada,"Syrian Arab Rep.","G / FI",88,0,70,16,0,4,5,25,133,0
2008,Germany,"Syrian Arab Rep.","G / JR",1035,0,0,0,0,0,0,,683,0
2008,Germany,"Syrian Arab Rep.","G / RA",100,0,165,38,3,5,95,141,148,0
2008,Germany,"Syrian Arab Rep.","G / NA",279,0,775,68,6,280,122,476,587,0
2008,France,"Syrian Arab Rep.","G / RA",0,0,3,0,0,0,0,,0,0
2008,France,"Syrian Arab Rep.","G / FI",0,0,32,19,1,24,0,44,0,0
2008,"United Kingdom","Syrian Arab Rep.","G / FI",0,0,182,20,10,84,20,134,0,0
2008,"United Kingdom","Syrian Arab Rep.","G / AR",0,0,0,30,0,55,5,90,0,0
2008,"United States of America","Syrian Arab Rep.","G / IN",20,0,33,17,0,21,7,45,12,0
2008,"United States of America","Syrian Arab Rep.","G / EO",61,0,42,7,0,8,12,27,60,0
2008,Canada,Yemen,"G / FI",23,0,21,13,0,0,1,14,30,0
2008,Germany,Yemen,"G / JR",35,0,0,0,0,0,0,,20,0
2008,Germany,Yemen,"G / RA",2,0,6,1,0,0,1,2,7,0
2008,Germany,Yemen,"G / NA",8,0,10,6,0,1,1,8,10,0
2008,"United Kingdom",Yemen,"G / FI",0,0,56,14,8,49,3,74,0,0
2008,"United States of America",Yemen,"G / IN",29,0,22,22,0,9,2,33,20,0
2008,"United States of America",Yemen,"G / EO",31,0,23,6,0,13,3,22,19,0
2009,Canada,Afghanistan,"G / FI",582,0,445,275,0,18,44,337,690,0
2009,Germany,Afghanistan,"G / NA",594,0,3375,256,608,417,163,1444,2513,0
2009,Germany,Afghanistan,"G / JR",1002,0,0,0,0,0,0,,1278,0
2009,Germany,Afghanistan,"G / RA",133,0,144,38,50,5,87,180,100,0
2009,France,Afghanistan,"G / FI",0,0,688,121,14,227,0,362,0,0
2009,France,Afghanistan,"G / RA",0,0,27,18,14,0,0,32,0,0
2009,"United Kingdom",Afghanistan,"G / FI",0,0,3539,220,1227,1388,1144,3979,0,0
2009,"United Kingdom",Afghanistan,"G / AR",0,0,0,330,0,1145,100,1575,0,0
2009,"United States of America",Afghanistan,"G / IN",42,0,70,64,0,2,15,81,33,0
2009,"United States of America",Afghanistan,"G / EO",27,0,31,7,0,6,22,35,27,0
2009,Canada,Myanmar,"G / FI",30,0,9,22,0,2,0,24,15,0
2009,Germany,Myanmar,"G / NA",31,0,65,47,0,13,3,63,42,0
2009,Germany,Myanmar,"G / JR",35,0,0,0,0,0,0,,27,0
2009,Germany,Myanmar,"G / RA",2,0,0,1,0,0,1,2,0,0
2009,France,Myanmar,"G / FI",0,0,35,8,1,10,0,19,0,0
2009,France,Myanmar,"G / RA",0,0,4,10,0,0,0,10,0,0
2009,"United Kingdom",Myanmar,"G / FI",0,0,223,113,13,107,2,235,0,0
2009,"United States of America",Myanmar,"G / IN",76,0,218,165,0,11,88,264,36,0
2009,"United States of America",Myanmar,"G / EO",127,0,70,108,0,23,42,173,127,0
2009,Canada,Sudan,"G / FI",70,0,25,23,0,3,10,36,59,0
2009,Germany,Sudan,"G / JR",38,0,0,0,0,0,0,,55,0
2009,Germany,Sudan,"G / RA",11,0,11,0,1,0,12,13,7,0
2009,Germany,Sudan,"G / NA",82,0,81,10,3,13,11,37,71,0
2009,France,Sudan,"G / RA",0,0,25,84,9,0,0,93,0,0
2009,France,Sudan,"G / FI",0,0,811,132,6,365,0,503,0,0
2009,"United Kingdom",Sudan,"G / FI",0,0,253,101,7,161,56,325,0,0
2009,"United Kingdom",Sudan,"G / AR",0,0,0,35,0,65,25,125,0,0
2009,"United States of America",Sudan,"G / EO",84,0,51,40,0,33,53,126,84,0
2009,"United States of America",Sudan,"G / IN",44,0,86,60,0,6,37,103,29,0
2009,Canada,Somalia,"G / FI",635,0,508,170,0,6,32,208,935,0
2009,Germany,Somalia,"G / JR",44,0,0,0,0,0,0,,69,0
2009,Germany,Somalia,"G / RA",11,0,15,11,5,0,3,19,10,0
2009,Germany,Somalia,"G / NA",110,0,346,121,41,12,29,203,247,0
2009,France,Somalia,"G / RA",0,0,2,2,3,0,0,5,0,0
2009,France,Somalia,"G / FI",0,0,279,51,47,31,0,129,0,0
2009,"United Kingdom",Somalia,"G / FI",0,0,1103,535,85,590,116,1326,0,0
2009,"United Kingdom",Somalia,"G / AR",0,0,0,230,0,230,30,490,0,0
2009,"United States of America",Somalia,"G / IN",137,0,112,149,0,5,34,188,67,0
2009,"United States of America",Somalia,"G / EO",91,0,232,167,0,40,94,301,91,0
2009,Canada,"Syrian Arab Rep.","G / FI",134,0,84,13,0,9,13,35,183,0
2009,Germany,"Syrian Arab Rep.","G / JR",683,0,0,0,0,0,0,,802,0
2009,Germany,"Syrian Arab Rep.","G / RA",148,0,356,39,10,6,201,256,266,0
2009,Germany,"Syrian Arab Rep.","G / NA",587,0,819,97,10,428,109,644,743,0
2009,France,"Syrian Arab Rep.","G / FI",0,0,61,8,0,26,0,34,0,0
2009,France,"Syrian Arab Rep.","G / RA",0,0,4,2,0,0,0,2,0,0
2009,"United Kingdom","Syrian Arab Rep.","G / FI",0,0,184,42,8,135,20,205,0,0
2009,"United Kingdom","Syrian Arab Rep.","G / AR",0,0,0,20,0,50,0,70,0,0
2009,"United States of America","Syrian Arab Rep.","G / EO",60,0,24,15,0,12,44,71,60,0
2009,"United States of America","Syrian Arab Rep.","G / IN",13,0,17,11,0,0,14,25,7,0
2009,Canada,Yemen,"G / FI",29,0,14,5,0,3,2,10,33,0
2009,Germany,Yemen,"G / JR",20,0,0,0,0,0,0,,22,0
2009,Germany,Yemen,"G / RA",7,0,5,0,0,0,1,1,6,0
2009,Germany,Yemen,"G / NA",10,0,27,2,1,5,1,9,28,0
2009,"United Kingdom",Yemen,"G / FI",0,0,72,27,5,43,2,77,0,0
2009,"United States of America",Yemen,"G / EO",19,0,24,7,0,9,22,38,19,0
2009,"United States of America",Yemen,"G / IN",23,0,28,19,0,1,16,36,17,0
2010,Canada,Afghanistan,"G / FI",690,0,399,412,0,26,49,487,592,0
2010,Germany,Afghanistan,"G / RA",100,0,158,42,31,8,79,160,102,0
2010,Germany,Afghanistan,"G / JR",1278,0,0,0,0,0,0,,3374,0
2010,Germany,Afghanistan,"G / NA",2513,0,5905,525,1597,2374,351,4847,3548,0
2010,France,Afghanistan,"G / FI",0,0,772,142,14,297,0,453,0,0
2010,France,Afghanistan,"G / RA",0,0,22,36,50,0,0,86,0,0
2010,"United Kingdom",Afghanistan,"G / FI",0,0,1843,216,614,1441,571,2842,0,0
2010,"United Kingdom",Afghanistan,"G / RA",0,0,139,1,0,2,19,22,0,0
2010,"United States of America",Afghanistan,"G / IN",36,0,113,81,0,3,19,103,46,0
2010,"United States of America",Afghanistan,"G / EO",27,0,43,6,0,10,23,39,0,0
2010,Canada,Myanmar,"G / FI",15,0,9,4,0,2,0,6,19,0
2010,Germany,Myanmar,"G / RA",0,0,1,1,0,0,0,1,0,0
2010,Germany,Myanmar,"G / JR",27,0,0,0,0,0,0,,8,0
2010,Germany,Myanmar,"G / NA",42,0,96,52,1,2,1,56,87,0
2010,France,Myanmar,"G / RA",0,0,6,3,0,0,0,3,0,0
2010,France,Myanmar,"G / FI",0,0,85,9,0,17,0,26,0,0
2010,"United Kingdom",Myanmar,"G / RA",0,0,6,0,0,2,0,2,0,0
2010,"United Kingdom",Myanmar,"G / FI",0,0,285,106,3,202,1,312,0,0
2010,"United States of America",Myanmar,"G / EO",127,0,39,80,0,20,55,155,0,0
2010,"United States of America",Myanmar,"G / IN",39,0,201,138,0,12,59,209,32,0
2010,Canada,Sudan,"G / FI",59,0,45,35,0,4,5,44,59,0
2010,Germany,Sudan,"G / RA",7,0,4,0,0,1,6,7,3,0
2010,Germany,Sudan,"G / JR",55,0,0,0,0,0,0,,56,0
2010,Germany,Sudan,"G / NA",71,0,90,6,2,9,18,35,86,0
2010,France,Sudan,"G / AR",0,0,485,0,0,0,0,,0,0
2010,France,Sudan,"G / RA",0,0,20,83,10,0,0,93,0,0
2010,France,Sudan,"G / FI",0,0,817,137,13,736,0,886,0,0
2010,"United Kingdom",Sudan,"G / RA",0,0,59,6,0,1,10,17,0,0
2010,"United Kingdom",Sudan,"G / FI",0,0,643,397,17,142,117,673,0,0
2010,"United States of America",Sudan,"G / EO",84,0,46,35,0,25,42,102,0,0
2010,"United States of America",Sudan,"G / IN",33,0,110,56,0,4,43,103,41,0
2010,Canada,Somalia,"G / FI",935,0,425,382,0,22,79,483,875,0
2010,Germany,Somalia,"G / RA",10,0,26,6,6,0,5,17,20,0
2010,Germany,Somalia,"G / NA",247,0,2235,372,80,45,400,897,1572,0
2010,Germany,Somalia,"G / JR",69,0,0,0,0,0,0,,329,0
2010,France,Somalia,"G / RA",0,0,0,7,4,0,0,11,0,0
2010,France,Somalia,"G / FI",0,0,420,103,86,84,0,273,0,0
2010,"United Kingdom",Somalia,"G / RA",0,0,46,5,0,2,4,11,0,0
2010,"United Kingdom",Somalia,"G / FI",0,0,679,437,96,441,116,1090,0,0
2010,"United States of America",Somalia,"G / EO",91,0,460,208,0,57,117,382,0,0
2010,"United States of America",Somalia,"G / IN",69,0,96,94,0,3,26,123,48,0
2010,Canada,"Syrian Arab Rep.","G / FI",183,0,126,56,0,26,6,88,221,0
2010,Germany,"Syrian Arab Rep.","G / RA",266,0,546,90,26,18,484,618,207,0
2010,Germany,"Syrian Arab Rep.","G / NA",743,0,1490,230,24,1066,119,1439,793,0
2010,Germany,"Syrian Arab Rep.","G / JR",802,0,0,0,0,0,0,,1690,0
2010,France,"Syrian Arab Rep.","G / RA",0,0,3,11,0,0,0,11,0,0
2010,France,"Syrian Arab Rep.","G / FI",0,0,192,27,0,85,0,112,0,0
2010,"United Kingdom","Syrian Arab Rep.","G / RA",0,0,6,0,0,2,3,5,0,0
2010,"United Kingdom","Syrian Arab Rep.","G / FI",0,0,160,36,4,135,31,206,0,0
2010,"United States of America","Syrian Arab Rep.","G / EO",60,0,22,13,0,17,41,71,0,0
2010,"United States of America","Syrian Arab Rep.","G / IN",9,0,36,14,0,1,20,35,10,0
2010,Canada,Yemen,"G / FI",33,0,19,14,0,3,2,19,30,0
2010,Germany,Yemen,"G / NA",28,0,17,8,0,16,3,27,18,0
2010,Germany,Yemen,"G / JR",22,0,0,0,0,0,0,,32,0
2010,Germany,Yemen,"G / RA",6,0,0,0,1,0,5,6,0,0
2010,"United Kingdom",Yemen,"G / FI",0,0,48,9,0,48,4,61,0,0
2010,"United Kingdom",Yemen,"G / RA",0,0,2,0,0,0,0,,0,0
2010,"United States of America",Yemen,"G / EO",19,0,27,7,0,11,27,45,0,0
2010,"United States of America",Yemen,"G / IN",16,0,50,24,0,0,14,38,29,0
2011,Canada,Afghanistan,"G / FI",593,0,373,392,0,50,61,503,450,0
2011,Germany,Afghanistan,"G / JR",3374,0,0,0,0,0,0,,5874,0
2011,Germany,Afghanistan,"G / NA",3548,0,7767,701,1493,3813,388,6395,5098,0
2011,Germany,Afghanistan,"G / RA",102,0,187,33,31,24,91,179,115,0
2011,France,Afghanistan,"G / JR",0,0,0,65,109,118,0,292,0,0
2011,France,Afghanistan,"G / FI",0,0,653,101,86,304,0,491,0,0
2011,France,Afghanistan,"G / RA",0,0,28,0,0,0,0,,0,0
2011,"United Kingdom",Afghanistan,"G / RA",0,0,133,0,0,2,10,12,0,0
2011,"United Kingdom",Afghanistan,"G / FI",924,0,1529,171,280,978,446,1875,716,0
2011,"United Kingdom",Afghanistan,"G / AR",734,0,998,198,0,816,69,1083,686,0
2011,"United States of America",Afghanistan,"G / IN",46,0,159,104,0,1,20,125,107,0
2011,"United States of America",Afghanistan,"G / EO",0,0,63,19,0,25,29,73,0,0
2011,Canada,Myanmar,"G / FI",19,0,7,12,0,4,1,17,9,0
2011,Germany,Myanmar,"G / JR",8,0,0,0,0,0,0,,13,0
2011,Germany,Myanmar,"G / NA",87,0,89,83,0,8,1,92,84,0
2011,France,Myanmar,"G / FI",0,0,92,2,0,67,0,69,0,0
2011,France,Myanmar,"G / RA",0,0,6,0,0,0,0,,0,0
2011,France,Myanmar,"G / JR",0,0,0,4,0,18,0,22,0,0
2011,"United Kingdom",Myanmar,"G / AR",78,0,84,64,0,34,6,104,46,0
2011,"United Kingdom",Myanmar,"G / FI",23,0,193,98,2,81,2,183,33,0
2011,"United Kingdom",Myanmar,"G / RA",0,0,2,0,0,0,0,,0,0
2011,"United States of America",Myanmar,"G / IN",32,0,219,139,0,13,61,213,62,0
2011,"United States of America",Myanmar,"G / EO",0,0,27,72,0,22,29,123,0,0
2011,Canada,Sudan,"G / FI",59,0,64,42,0,2,7,51,71,0
2011,Germany,Sudan,"G / RA",3,0,7,1,0,0,5,6,5,0
2011,Germany,Sudan,"G / JR",56,0,0,0,0,0,0,,79,0
2011,Germany,Sudan,"G / NA",86,0,102,6,23,34,22,85,85,0
2011,France,Sudan,"G / FI",0,0,785,115,2,759,0,876,0,0
2011,France,Sudan,"G / RA",0,0,36,0,0,0,0,,0,0
2011,France,Sudan,"G / JR",0,0,0,186,43,366,0,595,0,0
2011,"United Kingdom",Sudan,"G / AR",91,0,104,50,0,65,14,129,71,0
2011,"United Kingdom",Sudan,"G / FI",144,0,793,543,2,109,108,762,188,0
2011,"United Kingdom",Sudan,"G / RA",0,0,27,0,0,1,6,7,0,0
2011,"United States of America",Sudan,"G / IN",41,0,148,92,0,12,42,146,53,0
2011,"United States of America",Sudan,"G / EO",0,0,68,42,0,44,48,134,0,0
2011,Canada,Somalia,"G / FI",875,0,416,646,0,31,165,842,442,0
2011,Germany,Somalia,"G / RA",20,0,25,4,4,0,11,19,25,0
2011,Germany,Somalia,"G / JR",329,0,0,0,0,0,0,,337,0
2011,Germany,Somalia,"G / NA",1572,0,984,451,305,31,516,1303,1220,0
2011,France,Somalia,"G / FI",0,0,762,49,204,396,0,649,0,0
2011,France,Somalia,"G / RA",0,0,6,0,0,0,0,,0,0
2011,France,Somalia,"G / JR",0,0,0,10,15,29,0,54,0,0
2011,"United Kingdom",Somalia,"G / AR",239,0,172,114,0,80,21,215,161,0
2011,"United Kingdom",Somalia,"G / FI",265,0,660,410,60,164,82,716,263,0
2011,"United Kingdom",Somalia,"G / RA",0,0,22,1,4,1,7,13,0,0
2011,"United States of America",Somalia,"G / IN",48,0,69,50,0,1,22,73,57,0
2011,"United States of America",Somalia,"G / EO",0,0,216,173,0,90,92,355,0,0
2011,Canada,"Syrian Arab Rep.","G / FI",221,0,181,83,0,56,14,153,251,0
2011,Germany,"Syrian Arab Rep.","G / RA",207,0,802,106,23,1,98,228,798,0
2011,Germany,"Syrian Arab Rep.","G / JR",1690,0,0,0,0,0,0,,1325,0
2011,Germany,"Syrian Arab Rep.","G / NA",793,0,2634,283,17,362,154,816,2590,0
2011,France,"Syrian Arab Rep.","G / FI",0,0,119,33,5,18,0,56,0,0
2011,France,"Syrian Arab Rep.","G / JR",0,0,0,43,5,4,0,52,0,0
2011,"United Kingdom","Syrian Arab Rep.","G / AR",57,0,136,47,0,64,9,120,143,0
2011,"United Kingdom","Syrian Arab Rep.","G / FI",42,0,508,141,6,192,21,360,196,0
2011,"United Kingdom","Syrian Arab Rep.","G / RA",0,0,4,0,1,0,0,1,0,0
2011,"United States of America","Syrian Arab Rep.","G / IN",10,0,206,61,0,10,52,123,112,0
2011,"United States of America","Syrian Arab Rep.","G / EO",0,0,57,16,0,19,30,65,0,0
2011,Canada,Yemen,"G / FI",30,0,15,9,0,7,1,17,28,0
2011,Germany,Yemen,"G / RA",0,0,8,0,0,0,2,2,6,0
2011,Germany,Yemen,"G / JR",32,0,0,0,0,0,0,,24,0
2011,Germany,Yemen,"G / NA",18,0,34,9,0,4,1,14,37,0
2011,France,Yemen,"G / FI",0,0,14,2,0,5,0,7,0,0
2011,France,Yemen,"G / JR",0,0,0,0,1,1,0,2,0,0
2011,"United Kingdom",Yemen,"G / AR",23,0,23,11,0,9,0,20,26,0
2011,"United Kingdom",Yemen,"G / FI",11,0,64,8,14,33,4,59,22,0
2011,"United States of America",Yemen,"G / EO",0,0,27,36,0,8,35,79,0,0
2011,"United States of America",Yemen,"G / IN",29,0,50,24,0,1,43,68,30,0
2012,"United States of America",Afghanistan,"G / IN",108,0,160,118,0,4,25,147,130,0
2012,"United States of America",Afghanistan,"G / EO",0,0,44,30,0,13,37,80,0,0
2012,Canada,Afghanistan,"G / FI",450,0,348,302,0,57,35,394,411,0
2012,Germany,Afghanistan,"G / RA",115,0,340,34,20,12,102,168,287,0
2012,Germany,Afghanistan,"G / JR",5874,0,0,0,0,0,0,,5907,0
2012,Germany,Afghanistan,"G / NA",5098,0,7498,755,994,2262,445,4456,8163,0
2012,France,Afghanistan,"G / FI",0,0,522,125,139,316,0,580,595,0
2012,France,Afghanistan,"G / RA",0,0,50,0,0,0,0,,0,0
2012,France,Afghanistan,"G / AR",0,0,315,58,162,118,0,338,0,0
2012,"United Kingdom",Afghanistan,"G / AR",686,0,580,172,0,397,40,609,447,0
2012,"United Kingdom",Afghanistan,"G / RA",0,0,113,0,5,5,18,28,0,0
2012,"United Kingdom",Afghanistan,"G / FI",716,0,1242,204,149,578,234,1165,815,0
2012,"United States of America",Myanmar,"G / IN",62,0,99,73,0,5,50,128,41,0
2012,"United States of America",Myanmar,"G / EO",0,0,37,54,0,21,37,112,0,0
2012,Canada,Myanmar,"G / FI",9,0,4,0,0,2,0,2,11,0
2012,Germany,Myanmar,"G / JR",13,0,0,0,0,0,0,,24,0
2012,Germany,Myanmar,"G / NA",84,0,43,27,1,6,1,35,85,0
2012,France,Myanmar,"G / FI",0,0,601,3,0,168,0,171,0,0
2012,France,Myanmar,"G / AR",0,0,162,15,0,48,0,63,0,0
2012,France,Myanmar,"G / RA",0,0,8,0,0,0,0,,0,0
2012,"United Kingdom",Myanmar,"G / RA",0,0,2,0,0,1,0,1,0,0
2012,"United Kingdom",Myanmar,"G / AR",46,0,26,16,0,9,4,29,33,0
2012,"United Kingdom",Myanmar,"G / FI",33,0,81,58,0,34,2,94,22,0
2012,"United States of America",Sudan,"G / IN",54,0,146,99,0,9,33,141,80,0
2012,"United States of America",Sudan,"G / EO",0,0,38,48,0,30,39,117,0,0
2012,Canada,Sudan,"G / FI",71,0,94,47,0,9,4,60,105,0
2012,Germany,Sudan,"G / JR",79,0,0,0,0,0,0,,82,0
2012,Germany,Sudan,"G / NA",85,0,193,0,20,48,24,92,180,0
2012,Germany,Sudan,"G / RA",5,0,5,0,1,0,4,5,5,0
2012,France,Sudan,"G / FI",0,0,752,72,8,769,0,849,0,0
2012,France,Sudan,"G / AR",0,0,664,147,38,315,0,500,0,0
2012,France,Sudan,"G / RA",0,0,62,0,0,0,0,,0,0
2012,"United Kingdom",Sudan,"G / FI",188,0,740,496,1,94,106,697,230,0
2012,"United Kingdom",Sudan,"G / RA",0,0,30,2,0,0,11,13,0,0
2012,"United Kingdom",Sudan,"G / AR",71,0,78,33,0,31,13,77,58,0
2012,"United States of America",Somalia,"G / IN",57,0,58,47,0,1,10,58,0,0
2012,"United States of America",Somalia,"G / EO",0,0,210,108,0,57,146,311,0,0
2012,Canada,Somalia,"G / FI",442,0,410,354,0,28,85,467,387,0
2012,Germany,Somalia,"G / JR",337,0,0,0,0,0,0,,292,0
2012,Germany,Somalia,"G / NA",1220,0,1243,277,224,38,278,817,1626,0
2012,Germany,Somalia,"G / RA",25,0,52,1,6,0,30,37,54,0
2012,France,Somalia,"G / FI",0,0,511,36,46,492,0,574,0,0
2012,France,Somalia,"G / AR",0,0,435,17,101,63,0,181,0,0
2012,France,Somalia,"G / RA",0,0,13,0,0,0,0,,0,0
2012,"United Kingdom",Somalia,"G / FI",263,0,678,359,36,136,46,577,361,0
2012,"United Kingdom",Somalia,"G / RA",0,0,18,1,3,0,4,8,0,0
2012,"United Kingdom",Somalia,"G / AR",161,0,120,43,0,56,19,118,114,0
2012,"United States of America","Syrian Arab Rep.","G / IN",116,0,647,316,0,21,89,426,367,0
2012,"United States of America","Syrian Arab Rep.","G / EO",0,0,57,46,0,13,53,112,0,0
2012,Canada,"Syrian Arab Rep.","G / FI",251,0,350,155,0,34,7,196,404,0
2012,Germany,"Syrian Arab Rep.","G / JR",1325,0,0,0,0,0,0,,2436,0
2012,Germany,"Syrian Arab Rep.","G / NA",2590,0,6201,1708,3522,9,268,5507,3286,0
2012,Germany,"Syrian Arab Rep.","G / RA",798,0,1729,279,1958,10,47,2294,264,0
2012,France,"Syrian Arab Rep.","G / FI",0,0,629,126,117,21,0,264,0,0
2012,France,"Syrian Arab Rep.","G / AR",0,0,30,36,6,5,0,47,0,0
2012,France,"Syrian Arab Rep.","G / RA",0,0,8,0,0,0,0,,0,0
2012,"United Kingdom","Syrian Arab Rep.","G / FI",196,0,1289,868,51,195,62,1176,313,0
2012,"United Kingdom","Syrian Arab Rep.","G / RA",0,0,16,1,1,3,3,8,0,0
2012,"United Kingdom","Syrian Arab Rep.","G / AR",143,0,168,102,0,60,33,195,76,0
2012,"United States of America",Yemen,"G / IN",32,0,67,30,0,7,28,65,46,0
2012,"United States of America",Yemen,"G / EO",0,0,19,11,0,12,22,45,0,0
2012,Canada,Yemen,"G / FI",28,0,27,14,0,4,1,19,36,0
2012,Germany,Yemen,"G / JR",24,0,0,0,0,0,0,,18,0
2012,Germany,Yemen,"G / NA",37,0,21,1,2,5,6,14,42,0
2012,Germany,Yemen,"G / RA",6,0,2,0,1,0,0,1,9,0
2012,France,Yemen,"G / FI",0,0,6,6,0,0,0,6,0,0
2012,France,Yemen,"G / AR",0,0,0,1,0,0,0,1,0,0
2012,"United Kingdom",Yemen,"G / RA",0,0,1,0,0,0,0,,0,0
2012,"United Kingdom",Yemen,"G / FI",22,0,77,11,4,32,6,53,48,0
2012,"United Kingdom",Yemen,"G / AR",26,0,20,11,0,8,2,21,13,0
2013,Canada,Afghanistan,"G / FI",411,0,368,275,0,67,43,385,385,0
2013,Germany,Afghanistan,"G / RA",287,0,505,109,60,12,174,355,446,0
2013,Germany,Afghanistan,"G / NA",8163,0,7735,1180,1588,2243,760,5771,10163,0
2013,Germany,Afghanistan,"G / JR",5907,0,0,0,0,0,0,,5539,0
2013,France,Afghanistan,"G / FI",0,0,526,194,268,250,0,712,385,0
2013,France,Afghanistan,"G / RA",0,0,64,0,0,0,0,,0,0
2013,France,Afghanistan,"G / AR",210,0,280,38,152,79,9,278,216,0
2013,"United Kingdom",Afghanistan,"G / RA",0,0,131,2,2,2,17,23,0,0
2013,"United Kingdom",Afghanistan,"G / FI",1262,0,1456,298,142,557,325,1322,1430,0
2013,"United Kingdom",Afghanistan,"G / AR",0,0,594,176,0,340,40,556,0,0
2013,"United States of America",Afghanistan,"G / IN",130,0,174,98,0,3,31,132,191,0
2013,"United States of America",Afghanistan,"G / EO",0,0,32,16,0,10,12,38,47,0
2013,Canada,Myanmar,"G / FI",11,0,0,4,0,0,1,5,6,0
2013,Germany,Myanmar,"G / RA",0,0,0,0,0,1,0,1,0,0
2013,Germany,Myanmar,"G / NA",85,0,68,28,10,10,1,49,96,0
2013,Germany,Myanmar,"G / JR",24,0,0,0,0,0,0,,20,0
2013,France,Myanmar,"G / AR",137,0,349,35,0,158,6,199,280,0
2013,France,Myanmar,"G / RA",0,0,23,0,0,0,0,,0,0
2013,France,Myanmar,"G / FI",0,0,276,21,0,376,0,397,254,0
2013,"United Kingdom",Myanmar,"G / FI",55,0,73,21,1,20,5,47,71,0
2013,"United Kingdom",Myanmar,"G / RA",0,0,3,0,0,0,0,,0,0
2013,"United Kingdom",Myanmar,"G / AR",0,0,16,6,0,11,4,21,0,0
2013,"United States of America",Myanmar,"G / EO",0,0,15,36,0,7,20,63,40,0
2013,"United States of America",Myanmar,"G / IN",41,0,99,53,0,1,28,82,62,0
2013,Canada,Sudan,"G / FI",105,0,49,37,0,6,12,55,100,0
2013,Germany,Sudan,"G / NA",180,0,391,11,3,63,70,147,411,0
2013,Germany,Sudan,"G / RA",5,0,11,0,1,0,7,8,8,0
2013,Germany,Sudan,"G / JR",82,0,0,0,0,0,0,,136,0
2013,France,Sudan,"G / AR",450,0,611,104,71,399,35,609,466,0
2013,France,Sudan,"G / RA",0,0,58,0,0,0,0,,0,0
2013,France,Sudan,"G / FI",0,0,840,87,6,699,0,792,248,0
2013,"United Kingdom",Sudan,"G / FI",288,0,834,480,2,105,93,680,440,0
2013,"United Kingdom",Sudan,"G / RA",0,0,12,0,0,1,5,6,0,0
2013,"United Kingdom",Sudan,"G / AR",0,0,77,36,0,36,8,80,0,0
2013,"United States of America",Sudan,"G / EO",0,0,34,25,0,30,30,85,36,0
2013,"United States of America",Sudan,"G / IN",82,0,148,67,0,3,32,102,146,0
2013,Canada,Somalia,"G / FI",387,0,260,198,0,56,84,338,306,0
2013,Germany,Somalia,"G / RA",54,0,89,3,10,3,67,83,103,0
2013,Germany,Somalia,"G / NA",1626,0,3786,449,258,271,398,1376,4029,0
2013,Germany,Somalia,"G / JR",292,0,0,0,0,0,0,,671,0
2013,France,Somalia,"G / AR",277,0,314,31,117,168,19,335,248,0
2013,France,Somalia,"G / RA",0,0,15,0,0,0,0,,0,0
2013,France,Somalia,"G / FI",0,0,479,15,32,404,0,451,160,0
2013,"United Kingdom",Somalia,"G / RA",0,0,12,1,0,0,1,2,0,0
2013,"United Kingdom",Somalia,"G / FI",475,0,520,279,14,145,45,483,503,0
2013,"United Kingdom",Somalia,"G / AR",0,0,130,53,0,61,16,130,0,0
2013,"United States of America",Somalia,"G / EO",0,0,233,90,0,87,50,227,219,0
2013,"United States of America",Somalia,"G / IN",72,0,76,44,0,0,10,54,110,0
2013,Canada,"Syrian Arab Rep.","G / FI",404,0,517,440,0,35,14,489,435,0
2013,Germany,"Syrian Arab Rep.","G / NA",3286,0,11851,2726,5465,8,369,8568,6497,0
2013,Germany,"Syrian Arab Rep.","G / RA",264,0,1012,181,330,15,141,667,639,0
2013,Germany,"Syrian Arab Rep.","G / JR",2436,0,0,0,0,0,0,,3430,0
2013,France,"Syrian Arab Rep.","G / AR",29,0,80,23,3,13,4,43,64,0
2013,France,"Syrian Arab Rep.","G / RA",0,0,11,0,0,0,0,,0,0
2013,France,"Syrian Arab Rep.","G / FI",0,0,1303,474,361,46,0,881,279,0
2013,"United Kingdom","Syrian Arab Rep.","G / FI",389,0,2020,1444,11,110,175,1740,641,0
2013,"United Kingdom","Syrian Arab Rep.","G / RA",0,0,8,0,0,0,1,1,0,0
2013,"United Kingdom","Syrian Arab Rep.","G / AR",0,0,104,10,0,67,11,88,0,0
2013,"United States of America","Syrian Arab Rep.","G / EO",0,0,115,52,0,5,108,165,186,0
2013,"United States of America","Syrian Arab Rep.","G / IN",370,0,1468,576,0,55,137,768,1192,0
2013,Canada,Yemen,"G / FI",36,0,34,20,0,7,0,27,43,0
2013,Germany,Yemen,"G / NA",42,0,97,1,0,2,4,7,131,0
2013,Germany,Yemen,"G / RA",9,0,3,0,0,0,0,,12,0
2013,Germany,Yemen,"G / JR",18,0,0,0,0,0,0,,12,0
2013,France,Yemen,"G / AR",1,0,4,1,1,2,0,4,1,0
2013,France,Yemen,"G / FI",0,0,19,0,0,0,0,,14,0
2013,"United Kingdom",Yemen,"G / FI",61,0,63,24,1,36,7,68,56,0
2013,"United Kingdom",Yemen,"G / RA",0,0,3,1,0,1,0,2,0,0
2013,"United Kingdom",Yemen,"G / AR",0,0,19,9,0,8,4,21,0,0
2013,"United States of America",Yemen,"G / EO",0,0,26,11,0,24,16,51,47,0
2013,"United States of America",Yemen,"G / IN",47,0,73,26,0,3,21,50,83,0
2014,"United States of America",Afghanistan,"G / IN",194,0,273,155,0,3,30,188,310,0
2014,"United States of America",Afghanistan,"G / EO",98,0,24,17,0,6,5,28,102,0
2014,Canada,Afghanistan,"G / FI",385,0,422,396,0,73,59,528,179,0
2014,Canada,Afghanistan,"G / AR",0,0,0,4,0,15,0,19,11,0
2014,Germany,Afghanistan,"G / RA",446,0,558,196,70,15,130,411,627,0
2014,Germany,Afghanistan,"G / JR",5539,0,0,0,0,0,0,,6097,0
2014,Germany,Afghanistan,"G / NA",10163,0,9115,1830,1307,1554,2185,6876,12299,0
2014,France,Afghanistan,"G / FI",385,0,616,255,230,110,0,595,355,0
2014,France,Afghanistan,"G / AR",216,0,110,52,175,66,7,300,69,0
2014,France,Afghanistan,"G / RA",0,0,62,0,0,0,0,,0,0
2014,France,Afghanistan,"G / RA",0,0,36,0,0,0,0,,0,0
2014,"United Kingdom",Afghanistan,"G / AR",0,0,550,171,0,287,22,480,0,0
2014,"United Kingdom",Afghanistan,"G / RA",0,0,109,0,0,4,4,8,0,0
2014,"United Kingdom",Afghanistan,"G / FI",1430,0,1715,437,91,703,290,1521,1894,0
2014,"United States of America",Myanmar,"G / IN",62,0,120,39,0,5,36,80,104,0
2014,"United States of America",Myanmar,"G / EO",140,0,17,30,5,8,6,49,138,0
2014,Canada,Myanmar,"G / FI",6,0,4,0,0,6,1,7,4,0
2014,Germany,Myanmar,"G / NA",96,0,62,10,4,0,15,29,127,0
2014,Germany,Myanmar,"G / RA",0,0,1,0,0,0,0,,1,0
2014,Germany,Myanmar,"G / JR",20,0,0,0,0,0,0,,20,0
2014,France,Myanmar,"G / FI",254,0,26,7,1,191,0,199,38,0
2014,France,Myanmar,"G / AR",280,0,182,39,1,305,47,392,128,0
2014,France,Myanmar,"G / RA",0,0,20,0,0,0,0,,0,0
2014,France,Myanmar,"G / RA",0,0,27,0,0,0,0,,0,0
2014,"United Kingdom",Myanmar,"G / AR",0,0,38,9,0,8,1,18,0,0
2014,"United Kingdom",Myanmar,"G / FI",71,0,160,41,2,46,2,91,165,0
2014,"United States of America",Sudan,"G / IN",149,0,202,76,0,5,34,115,260,0
2014,"United States of America",Sudan,"G / EO",127,0,40,19,6,30,24,79,105,0
2014,Canada,Sudan,"G / AR",0,0,0,0,0,4,0,4,3,0
2014,Canada,Sudan,"G / FI",100,0,81,61,0,23,7,91,43,0
2014,Germany,Sudan,"G / NA",411,0,753,41,18,36,345,440,667,0
2014,Germany,Sudan,"G / RA",8,0,15,0,1,0,12,13,10,0
2014,Germany,Sudan,"G / JR",136,0,0,0,0,0,0,,345,0
2014,France,Sudan,"G / AR",466,0,828,124,115,446,42,727,604,0
2014,France,Sudan,"G / RA",0,0,32,0,0,0,0,,0,0
2014,France,Sudan,"G / RA",0,0,34,0,0,0,0,,0,0
2014,France,Sudan,"G / FI",248,0,1950,159,11,1110,0,1280,892,0
2014,"United Kingdom",Sudan,"G / AR",0,0,115,26,0,28,6,60,0,0
2014,"United Kingdom",Sudan,"G / FI",440,0,1601,881,3,154,121,1159,984,0
2014,"United Kingdom",Sudan,"G / RA",0,0,13,0,0,0,0,,0,0
2014,"United States of America",Somalia,"G / IN",111,0,68,46,0,1,10,57,136,0
2014,"United States of America",Somalia,"G / EO",255,0,326,121,14,169,38,342,215,0
2014,Canada,Somalia,"G / AR",0,0,0,0,0,34,0,34,23,0
2014,Canada,Somalia,"G / FI",306,0,332,189,0,83,53,325,181,0
2014,Germany,Somalia,"G / NA",4029,0,5528,508,311,298,2231,3348,5965,0
2014,Germany,Somalia,"G / RA",103,0,157,14,36,5,79,134,170,0
2014,Germany,Somalia,"G / JR",671,0,0,0,0,0,0,,2251,0
2014,France,Somalia,"G / AR",248,0,259,35,152,185,23,395,151,0
2014,France,Somalia,"G / RA",0,0,17,0,0,0,0,,0,0
2014,France,Somalia,"G / RA",0,0,25,0,0,0,0,,0,0
2014,France,Somalia,"G / FI",160,0,794,22,36,460,0,518,364,0
2014,"United Kingdom",Somalia,"G / AR",0,0,120,36,0,42,6,84,0,0
2014,"United Kingdom",Somalia,"G / FI",503,0,398,173,19,173,62,427,568,0
2014,"United Kingdom",Somalia,"G / RA",0,0,11,0,1,1,4,6,0,0
2014,"United States of America","Syrian Arab Rep.","G / IN",1202,0,1564,652,0,38,130,820,2091,0
2014,"United States of America","Syrian Arab Rep.","G / EO",421,0,141,60,4,14,83,161,211,0
2014,Canada,"Syrian Arab Rep.","G / AR",0,0,0,0,0,8,4,12,7,0
2014,Canada,"Syrian Arab Rep.","G / FI",435,0,538,685,0,27,18,730,177,0
2014,Germany,"Syrian Arab Rep.","G / NA",6497,0,39332,19560,2998,10,2459,25027,20348,0
2014,Germany,"Syrian Arab Rep.","G / RA",639,0,1768,947,354,9,366,1676,850,0
2014,Germany,"Syrian Arab Rep.","G / JR",3430,0,0,0,0,0,0,,8393,0
2014,France,"Syrian Arab Rep.","G / AR",64,0,143,55,9,54,10,128,80,0
2014,France,"Syrian Arab Rep.","G / RA",0,0,1,0,0,0,0,,0,0
2014,France,"Syrian Arab Rep.","G / RA",0,0,12,0,0,0,0,,0,0
2014,France,"Syrian Arab Rep.","G / FI",279,0,3142,884,520,63,0,1467,1159,0
2014,"United Kingdom","Syrian Arab Rep.","G / AR",0,0,91,14,0,54,5,73,0,0
2014,"United Kingdom","Syrian Arab Rep.","G / FI",641,0,2406,1391,31,112,183,1717,1329,0
2014,"United Kingdom","Syrian Arab Rep.","G / RA",0,0,7,2,0,0,1,3,0,0
2014,"United States of America",Yemen,"G / IN",83,0,125,36,0,3,17,56,161,0
2014,"United States of America",Yemen,"G / EO",129,0,17,15,4,4,14,37,117,0
2014,Canada,Yemen,"G / AR",0,0,0,1,0,7,0,8,2,0
2014,Canada,Yemen,"G / FI",43,0,42,21,0,19,1,41,30,0
2014,Germany,Yemen,"G / NA",131,0,146,1,7,9,46,63,216,0
2014,Germany,Yemen,"G / RA",12,0,6,0,0,0,1,1,17,0
2014,Germany,Yemen,"G / JR",12,0,0,0,0,0,0,,33,0
2014,France,Yemen,"G / AR",1,0,5,1,1,1,0,3,4,0
2014,France,Yemen,"G / RA",0,0,1,0,0,0,0,,0,0
2014,France,Yemen,"G / RA",0,0,2,0,0,0,0,,0,0
2014,France,Yemen,"G / FI",14,0,27,7,3,8,0,18,22,0
2014,"United Kingdom",Yemen,"G / FI",56,0,103,13,4,61,9,87,103,0
2014,"United Kingdom",Yemen,"G / AR",0,0,26,4,0,7,1,12,0,0
2015,Canada,Afghanistan,"G / AR",11,0,22,9,0,16,0,25,6,0
2015,Canada,Afghanistan,"G / FI",179,0,463,292,0,38,26,356,362,0
2015,Germany,Afghanistan,"G / JR",6097,0,0,237,404,295,1555,2491,3679,0
2015,Germany,Afghanistan,"G / RA",627,0,520,158,133,10,173,474,909,0
2015,Germany,Afghanistan,"G / NA",12299,0,31382,1550,1001,809,2132,5492,38014,0
2015,France,Afghanistan,"G / AR",69,0,131,22,48,43,4,117,116,0
2015,France,Afghanistan,"G / FI",355,0,2456,207,346,136,0,689,1994,0
2015,France,Afghanistan,"G / RA",0,0,23,0,0,0,0,,0,0
2015,France,Afghanistan,"G / RA",0,0,44,0,0,0,0,,0,0
2015,"United Kingdom",Afghanistan,"G / FI",1894,0,2807,592,193,1040,485,2310,2536,0
2015,"United Kingdom",Afghanistan,"G / RA",0,0,58,2,0,2,5,9,0,0
2015,"United Kingdom",Afghanistan,"G / AR",0,0,777,261,0,252,28,541,0,0
2015,"United States of America",Afghanistan,"G / EO",102,0,40,13,0,16,14,43,145,0
2015,"United States of America",Afghanistan,"G / IN",311,0,298,131,0,1,39,171,464,0
2015,Canada,Myanmar,"G / AR",0,0,3,3,0,0,0,3,0,0
2015,Canada,Myanmar,"G / FI",4,0,4,2,0,3,0,5,3,0
2015,Germany,Myanmar,"G / RA",1,0,2,0,0,0,0,,3,0
2015,Germany,Myanmar,"G / NA",127,0,54,12,0,0,10,22,155,0
2015,Germany,Myanmar,"G / JR",20,0,0,0,0,0,7,7,10,0
2015,France,Myanmar,"G / FI",38,0,17,3,0,65,0,68,19,0
2015,France,Myanmar,"G / RA",0,0,48,0,0,0,0,,0,0
2015,France,Myanmar,"G / RA",0,0,37,0,0,0,0,,0,0
2015,France,Myanmar,"G / AR",128,0,24,21,0,134,36,191,32,0
2015,"United Kingdom",Myanmar,"G / RA",0,0,0,0,0,0,0,,0,0
2015,"United Kingdom",Myanmar,"G / FI",165,0,175,56,0,136,13,205,159,0
2015,"United Kingdom",Myanmar,"G / AR",0,0,132,24,0,32,2,58,0,0
2015,"United States of America",Myanmar,"G / IN",105,0,155,39,0,3,17,59,211,0
2015,"United States of America",Myanmar,"G / EO",138,0,20,18,0,12,20,50,135,0
2015,Canada,Sudan,"G / AR",3,0,17,2,0,9,6,17,3,0
2015,Canada,Sudan,"G / FI",43,0,92,72,0,19,8,99,56,0
2015,Germany,Sudan,"G / RA",10,0,48,2,8,2,26,38,37,0
2015,Germany,Sudan,"G / NA",667,0,1032,46,87,47,261,441,1254,0
2015,Germany,Sudan,"G / JR",345,0,0,9,2,51,148,210,296,0
2015,France,Sudan,"G / FI",892,0,5344,1163,36,2371,0,3570,2508,0
2015,France,Sudan,"G / RA",0,0,24,0,0,0,0,,0,0
2015,France,Sudan,"G / RA",0,0,16,0,0,0,0,,0,0
2015,France,Sudan,"G / AR",604,0,1620,153,231,530,51,965,1354,0
2015,"United Kingdom",Sudan,"G / RA",0,0,16,0,0,4,1,5,0,0
2015,"United Kingdom",Sudan,"G / FI",984,0,3014,2392,6,348,134,2880,1182,0
2015,"United Kingdom",Sudan,"G / AR",0,0,319,74,0,55,14,143,0,0
2015,"United States of America",Sudan,"G / IN",262,0,228,85,0,1,24,110,395,0
2015,"United States of America",Sudan,"G / EO",105,0,24,17,0,9,13,39,128,0
2015,Canada,Somalia,"G / AR",23,0,107,35,0,46,1,82,52,0
2015,Canada,Somalia,"G / FI",181,0,506,210,0,135,26,371,361,0
2015,Germany,Somalia,"G / RA",170,0,266,27,35,3,119,184,361,0
2015,Germany,Somalia,"G / NA",5965,0,5126,407,340,180,927,1854,9319,0
2015,Germany,Somalia,"G / JR",2251,0,0,49,108,109,869,1135,1742,0
2015,France,Somalia,"G / FI",364,0,1354,39,45,700,0,784,858,0
2015,France,Somalia,"G / RA",0,0,15,0,0,0,0,,0,0
2015,France,Somalia,"G / RA",0,0,9,0,0,0,0,,0,0
2015,France,Somalia,"G / AR",151,0,519,19,108,125,19,271,416,0
2015,"United Kingdom",Somalia,"G / RA",0,0,0,0,0,1,0,1,0,0
2015,"United Kingdom",Somalia,"G / FI",568,0,408,214,25,298,65,602,417,0
2015,"United Kingdom",Somalia,"G / AR",0,0,254,61,0,105,17,183,0,0
2015,"United States of America",Somalia,"G / IN",137,0,65,38,0,1,11,50,163,0
2015,"United States of America",Somalia,"G / EO",215,0,701,178,0,357,38,573,506,0
2015,Canada,"Syrian Arab Rep.","G / AR",7,0,9,2,0,8,0,10,8,0
2015,Canada,"Syrian Arab Rep.","G / FI",177,0,544,551,0,13,6,570,227,0
2015,Germany,"Syrian Arab Rep.","G / RA",850,0,3853,3481,85,1,116,3683,1553,0
2015,Germany,"Syrian Arab Rep.","G / NA",20348,0,158657,97656,197,22,4062,101937,76359,0
2015,Germany,"Syrian Arab Rep.","G / JR",8393,0,0,227,15,50,3546,3838,3670,0
2015,France,"Syrian Arab Rep.","G / FI",1159,0,5124,1587,735,74,0,2396,2542,0
2015,France,"Syrian Arab Rep.","G / RA",0,0,12,0,0,0,0,,0,0
2015,France,"Syrian Arab Rep.","G / RA",0,0,11,0,0,0,0,,0,0
2015,France,"Syrian Arab Rep.","G / AR",80,0,278,90,6,104,10,210,169,0
2015,"United Kingdom","Syrian Arab Rep.","G / AR",0,0,190,34,0,55,3,92,0,0
2015,"United Kingdom","Syrian Arab Rep.","G / RA",0,0,6,0,0,0,1,1,0,0
2015,"United Kingdom","Syrian Arab Rep.","G / FI",1329,0,2846,2011,42,213,250,2516,1648,0
2015,"United States of America","Syrian Arab Rep.","G / IN",2109,0,1004,581,0,27,169,777,2464,0
2015,"United States of America","Syrian Arab Rep.","G / EO",488,0,110,104,0,26,62,192,654,0
2015,Canada,Yemen,"G / FI",30,0,164,129,0,6,0,135,79,0
2015,Canada,Yemen,"G / AR",2,0,4,0,0,3,1,4,2,0
2015,Germany,Yemen,"G / RA",17,0,21,0,2,0,7,9,33,0
2015,Germany,Yemen,"G / NA",216,0,328,13,31,0,23,67,472,0
2015,Germany,Yemen,"G / JR",33,0,0,1,3,0,7,11,33,0
2015,France,Yemen,"G / FI",22,0,70,17,14,7,0,38,47,0
2015,France,Yemen,"G / RA",0,0,0,0,0,0,0,,0,0
2015,France,Yemen,"G / AR",4,0,8,0,6,0,0,6,6,0
2015,"United Kingdom",Yemen,"G / AR",0,0,45,21,0,18,1,40,0,0
2015,"United Kingdom",Yemen,"G / FI",103,0,139,55,15,59,4,133,94,0
2015,"United Kingdom",Yemen,"G / RA",0,0,3,0,0,0,0,,0,0
2015,"United States of America",Yemen,"G / IN",163,0,409,39,0,0,20,59,524,0
2015,"United States of America",Yemen,"G / EO",117,0,17,4,0,4,13,21,137,0
2016,Canada,Afghanistan,"G / FI",286,,624,469,,84,22,575,456,
2016,Germany,Afghanistan,"G / RA",909,,880,166,169,83,447,865,1474,0
2016,Germany,Afghanistan,"G / NA",38014,,127012,13647,24108,24734,4892,67381,101382,0
2016,Germany,Afghanistan,"G / JR",3679,,,268,594,702,2291,3855,23666,0
2016,France,Afghanistan,"G / RA",,,38,,,,,,,
2016,France,Afghanistan,"G / FI",1994,,6087,741,2529,773,,4043,3699,
2016,France,Afghanistan,"G / RA",,,21,4,4,10,2,20,,
2016,France,Afghanistan,"G / AR",116,,611,48,88,77,7,220,481,
2016,"United Kingdom",Afghanistan,"G / AR",,,969,395,,388,24,807,,0
2016,"United Kingdom",Afghanistan,"G / FI",2536,0,3094,512,313,1097,619,2541,2793,0
2016,"United Kingdom",Afghanistan,"G / RA",,0,61,0,0,0,6,6,,0
2016,"United States of America",Afghanistan,"G / EO",145,,48,27,,10,38,75,169,
2016,"United States of America",Afghanistan,"G / IN",468,,263,91,,1,38,130,615,
2016,Canada,Myanmar,"G / FI",3,,4,3,,,,3,5,
2016,Germany,Myanmar,"G / NA",155,,131,11,6,2,11,30,236,0
2016,Germany,Myanmar,"G / RA",3,,2,,,,,,7,0
2016,Germany,Myanmar,"G / JR",10,,,0,0,0,5,5,8,0
2016,France,Myanmar,"G / FI",19,,16,2,0,44,,46,,
2016,France,Myanmar,"G / RA",,,37,,,,,,,
2016,France,Myanmar,"G / AR",32,,7,8,0,11,2,21,17,
2016,France,Myanmar,"G / RA",,,40,0,0,10,30,40,,
2016,"United Kingdom",Myanmar,"G / RA",,,0,0,0,0,0,,,0
2016,"United Kingdom",Myanmar,"G / FI",159,0,79,8,0,70,6,84,87,0
2016,"United Kingdom",Myanmar,"G / AR",,,68,38,,80,1,119,,0
2016,"United States of America",Myanmar,"G / EO",135,,28,12,,8,17,37,125,
2016,"United States of America",Myanmar,"G / IN",210,,196,13,,,11,24,385,
2016,Canada,Sudan,"G / FI",39,,384,100,,30,4,134,334,
2016,Germany,Sudan,"G / RA",37,,77,3,2,,30,35,72,0
2016,Germany,Sudan,"G / JR",296,,,19,2,30,171,222,337,0
2016,Germany,Sudan,"G / NA",1254,,2444,143,92,157,357,749,2899,0
2016,France,Sudan,"G / AR",1354,,2730,299,403,1127,48,1877,2088,
2016,France,Sudan,"G / RA",,,67,,,,,,,
2016,France,Sudan,"G / FI",2508,,6094,2115,341,3354,,5810,2914,
2016,France,Sudan,"G / RA",,,36,2,0,21,5,28,,
2016,"United Kingdom",Sudan,"G / RA",,,3,0,0,3,0,3,,0
2016,"United Kingdom",Sudan,"G / AR",,,138,159,,103,10,272,,0
2016,"United Kingdom",Sudan,"G / FI",1182,0,1436,1241,5,145,97,1488,1063,0
2016,"United States of America",Sudan,"G / EO",128,,33,26,,12,4,42,130,
2016,"United States of America",Sudan,"G / IN",397,,280,54,,2,16,72,609,
2016,Canada,Somalia,"G / FI",306,,719,323,,120,57,500,697,
2016,Germany,Somalia,"G / NA",9319,,9851,1828,2731,582,1193,6334,13314,0
2016,Germany,Somalia,"G / JR",1742,,,71,180,122,945,1318,2164,0
2016,Germany,Somalia,"G / RA",361,,381,38,297,12,201,548,495,0
2016,France,Somalia,"G / FI",858,,883,86,271,692,,1049,784,
2016,France,Somalia,"G / RA",,,17,3,5,5,1,14,,
2016,France,Somalia,"G / RA",,,19,,,,,,,
2016,France,Somalia,"G / AR",416,,568,60,241,249,19,569,407,
2016,"United Kingdom",Somalia,"G / FI",417,0,390,95,28,167,38,328,405,0
2016,"United Kingdom",Somalia,"G / RA",,,0,0,0,0,0,,,0
2016,"United Kingdom",Somalia,"G / AR",,,144,67,,122,10,199,,0
2016,"United States of America",Somalia,"G / EO",506,,399,123,,278,50,451,448,
2016,"United States of America",Somalia,"G / IN",163,,67,32,,,16,48,190,
2016,Canada,"Syrian Arab Rep.","G / FI",151,,969,751,,25,23,799,380,
2016,Germany,"Syrian Arab Rep.","G / NA",76359,,266250,164926,121182,158,5398,291664,57285,0
2016,Germany,"Syrian Arab Rep.","G / JR",3670,,,5799,299,843,2931,9872,42128,0
2016,Germany,"Syrian Arab Rep.","G / RA",1553,,2616,1594,1290,9,483,3376,1114,0
2016,France,"Syrian Arab Rep.","G / FI",2542,,6073,1916,1941,107,,3964,1794,
2016,France,"Syrian Arab Rep.","G / RA",,,1,0,4,1,,5,,
2016,France,"Syrian Arab Rep.","G / AR",169,,545,138,11,168,13,330,355,
2016,France,"Syrian Arab Rep.","G / RA",,,10,,,,,,,
2016,"United Kingdom","Syrian Arab Rep.","G / FI",1648,0,1588,1752,12,143,253,2160,1010,0
2016,"United Kingdom","Syrian Arab Rep.","G / AR",,,132,48,,93,8,149,,0
2016,"United Kingdom","Syrian Arab Rep.","G / RA",,,4,0,0,0,1,1,,0
2016,"United States of America","Syrian Arab Rep.","G / EO",654,,156,77,,16,91,184,786,
2016,"United States of America","Syrian Arab Rep.","G / IN",2472,,652,501,,15,150,666,2578,
2016,Canada,Yemen,"G / FI",58,,340,160,,16,3,179,231,
2016,Germany,Yemen,"G / RA",33,,30,,31,,2,33,36,0
2016,Germany,Yemen,"G / JR",33,,,0,0,0,19,19,29,0
2016,Germany,Yemen,"G / NA",472,,548,49,199,2,53,303,722,0
2016,France,Yemen,"G / AR",6,,3,0,1,2,0,3,4,
2016,France,Yemen,"G / RA",,,1,,,,,,,
2016,France,Yemen,"G / FI",47,,81,22,53,5,,80,,
2016,"United Kingdom",Yemen,"G / AR",,,33,26,,12,4,42,,0
2016,"United Kingdom",Yemen,"G / RA",,,0,0,0,0,0,,,0
2016,"United Kingdom",Yemen,"G / FI",94,0,99,32,16,37,10,95,77,0
2016,"United States of America",Yemen,"G / EO",137,,17,5,,,20,25,172,
2016,"United States of America",Yemen,"G / IN",523,,212,45,,,34,79,670,
2017,"United States of America",Afghanistan,"G / AR",84,,0,*,,0,6,10,115,
2017,"United States of America",Afghanistan,"G / IN",618,,112,101,,35,32,168,600,
2017,"United States of America",Afghanistan,"G / EO",86,,65,24,,16,9,49,95,
2017,Canada,Afghanistan,"G / AR",,,23,5,,22,,27,19,
2017,Canada,Afghanistan,"G / FI",456,,738,294,,44,179,517,698,400
2017,Germany,Afghanistan,"G / NA",101382,0,16423,17718,32647,56309,5918,112592,7415,0
2017,Germany,Afghanistan,"G / RA",1474,0,1859,214,590,413,1728,2945,499,0
2017,Germany,Afghanistan,"G / JR",23666,,,1018,6220,4589,7599,19426,79407,0
2017,France,Afghanistan,"G / RA",,,73,,,,,,,
2017,France,Afghanistan,"G / RA",,,42,,,,,,,
2017,France,Afghanistan,"G / AR",481,,1370,116,254,202,*,575,1250,
2017,France,Afghanistan,"G / FI",3699,,6598,689,5001,1154,28,6872,3064,
2017,"United Kingdom",Afghanistan,"G / FI",2793,,1927,512,178,919,400,2009,2347,
2017,"United Kingdom",Afghanistan,"G / RA",,,72,0,0,*,5,8,,
2017,"United Kingdom",Afghanistan,"G / AR",,,832,568,,491,40,1099,,
2017,"United States of America",Myanmar,"G / AR",78,,0,*,,0,5,9,115,
2017,"United States of America",Myanmar,"G / EO",50,,35,6,,13,0,19,56,
2017,"United States of America",Myanmar,"G / IN",385,,295,35,,24,20,79,608,
2017,Canada,Myanmar,"G / FI",5,,5,*,,0,0,*,5,
2017,Germany,Myanmar,"G / RA",7,0,5,*,*,0,*,8,*,0
2017,Germany,Myanmar,"G / NA",236,0,113,137,37,46,39,259,56,0
2017,Germany,Myanmar,"G / JR",8,,,11,0,*,13,28,73,0
2017,France,Myanmar,"G / RA",,,45,,,,,,,
2017,France,Myanmar,"G / RA",,,38,,,,,,,
2017,France,Myanmar,"G / AR",17,,26,*,0,12,0,13,30,
2017,"United Kingdom",Myanmar,"G / RA",,,0,0,0,0,0,,,
2017,"United Kingdom",Myanmar,"G / FI",87,,54,7,0,25,5,37,90,
2017,"United Kingdom",Myanmar,"G / AR",,,22,9,,30,*,40,,
2017,"United States of America",Sudan,"G / EO",51,,64,12,,19,17,48,68,
2017,"United States of America",Sudan,"G / AR",81,,0,11,,0,10,21,131,
2017,"United States of America",Sudan,"G / IN",611,,193,53,,41,44,138,704,
2017,Canada,Sudan,"G / FI",334,,666,361,,37,15,413,589,
2017,Canada,Sudan,"G / AR",,,27,5,,5,,10,20,
2017,Germany,Sudan,"G / RA",72,0,160,6,16,15,165,202,88,0
2017,Germany,Sudan,"G / NA",2899,0,1475,642,587,743,1426,3398,729,0
2017,Germany,Sudan,"G / JR",337,,,55,13,55,340,463,1473,0
2017,France,Sudan,"G / RA",,,99,,,,,,,
2017,France,Sudan,"G / RA",,,61,,,,,,,
2017,France,Sudan,"G / FI",2914,,4724,3244,450,2518,78,6290,1699,
2017,France,Sudan,"G / AR",2088,,2533,500,550,1354,15,2419,2133,
2017,"United Kingdom",Sudan,"G / FI",1063,,1832,924,10,298,262,1494,1415,
2017,"United Kingdom",Sudan,"G / AR",,,271,103,,87,10,200,,
2017,"United Kingdom",Sudan,"G / RA",,,10,0,0,0,,,,
2017,"United States of America",Somalia,"G / EO",402,,238,86,,130,49,265,319,
2017,"United States of America",Somalia,"G / AR",48,,0,*,,0,*,8,50,
2017,"United States of America",Somalia,"G / IN",191,,41,46,,6,14,66,181,
2017,Canada,Somalia,"G / FI",697,,786,341,,184,129,654,819,100
2017,Canada,Somalia,"G / AR",,,170,37,,56,*,95,129,
2017,Germany,Somalia,"G / RA",495,0,725,92,309,62,823,1286,252,0
2017,Germany,Somalia,"G / NA",13314,0,6836,4814,6187,2287,4172,17460,2886,0
2017,Germany,Somalia,"G / JR",2164,,,73,392,282,1444,2191,7206,0
2017,France,Somalia,"G / RA",,,13,,,,,,,
2017,France,Somalia,"G / RA",,,9,,,,,,,
2017,France,Somalia,"G / FI",784,,906,95,268,525,27,915,804,
2017,France,Somalia,"G / AR",407,,408,38,169,184,*,392,413,
2017,"United Kingdom",Somalia,"G / FI",405,,333,152,10,146,41,349,347,
2017,"United Kingdom",Somalia,"G / AR",,,136,97,,79,*,178,,
2017,"United Kingdom",Somalia,"G / RA",,,*,*,0,0,*,*,,
2017,"United States of America","Syrian Arab Rep.","G / EO",373,,113,94,,23,16,133,333,
2017,"United States of America","Syrian Arab Rep.","G / AR",423,,5,61,,6,43,110,465,
2017,"United States of America","Syrian Arab Rep.","G / IN",2593,,459,466,,96,113,675,2560,
2017,Canada,"Syrian Arab Rep.","G / FI",380,,1267,343,,13,442,798,802,17
2017,Canada,"Syrian Arab Rep.","G / AR",,,7,0,,8,,8,*,
2017,Germany,"Syrian Arab Rep.","G / RA",1114,0,1448,679,957,26,974,2636,380,0
2017,Germany,"Syrian Arab Rep.","G / NA",57285,0,48974,34201,55274,107,7309,96891,11776,0
2017,Germany,"Syrian Arab Rep.","G / JR",42128,,,18594,476,11688,9414,40172,58677,0
2017,France,"Syrian Arab Rep.","G / RA",,,19,,,,,,,
2017,France,"Syrian Arab Rep.","G / RA",,,5,,,,,,,
2017,France,"Syrian Arab Rep.","G / FI",1794,,5805,1051,2446,175,89,3761,1769,
2017,France,"Syrian Arab Rep.","G / AR",355,,1207,438,26,419,5,888,625,
2017,"United Kingdom","Syrian Arab Rep.","G / FI",1010,,793,839,6,97,110,1052,574,
2017,"United Kingdom","Syrian Arab Rep.","G / AR",,,95,62,,96,7,165,,
2017,"United Kingdom","Syrian Arab Rep.","G / RA",,,7,*,0,0,0,*,,
2017,"United States of America",Yemen,"G / EO",65,,27,6,,6,11,23,65,
2017,"United States of America",Yemen,"G / AR",105,,5,0,,0,*,*,142,
2017,"United States of America",Yemen,"G / IN",672,,120,48,,39,28,115,701,
2017,Canada,Yemen,"G / FI",231,,861,262,,12,126,400,687,16
2017,Canada,Yemen,"G / AR",,,8,0,,8,,8,7,
2017,Germany,Yemen,"G / RA",36,0,7,*,29,*,14,45,5,0
2017,Germany,Yemen,"G / NA",722,0,552,176,703,13,161,1053,216,0
2017,Germany,Yemen,"G / JR",29,,,0,0,6,80,86,461,0
2017,France,Yemen,"G / AR",*,,20,*,6,7,0,15,11,
2017,France,Yemen,"G / RA",,,*,,,,,,,
2017,"United Kingdom",Yemen,"G / FI",77,,177,54,33,39,9,135,124,
2017,"United Kingdom",Yemen,"G / RA",,,0,0,0,0,0,,,
2017,"United Kingdom",Yemen,"G / AR",,,29,23,,10,0,33,,
